-- phpMyAdmin SQL Dump
-- version 4.9.5
-- https://www.phpmyadmin.net/
--
-- Host: localhost:3306
-- Generation Time: Sep 28, 2020 at 04:41 PM
-- Server version: 10.2.33-MariaDB-log
-- PHP Version: 7.3.6

SET SQL_MODE = "NO_AUTO_VALUE_ON_ZERO";
SET AUTOCOMMIT = 0;
START TRANSACTION;
SET time_zone = "+00:00";


/*!40101 SET @OLD_CHARACTER_SET_CLIENT=@@CHARACTER_SET_CLIENT */;
/*!40101 SET @OLD_CHARACTER_SET_RESULTS=@@CHARACTER_SET_RESULTS */;
/*!40101 SET @OLD_COLLATION_CONNECTION=@@COLLATION_CONNECTION */;
/*!40101 SET NAMES utf8mb4 */;

--
-- Database: `dpmfisip_evoting`
--

-- --------------------------------------------------------

--
-- Table structure for table `tbl_kandidat`
--

CREATE TABLE `tbl_kandidat` (
  `id_kandidat` varchar(255) NOT NULL,
  `nama_ketua` varchar(50) NOT NULL,
  `nama_wakil` varchar(50) NOT NULL,
  `foto_ketua` varchar(100) NOT NULL,
  `foto_wakil` varchar(100) NOT NULL
) ENGINE=InnoDB DEFAULT CHARSET=utf8mb4;

--
-- Dumping data for table `tbl_kandidat`
--

INSERT INTO `tbl_kandidat` (`id_kandidat`, `nama_ketua`, `nama_wakil`, `foto_ketua`, `foto_wakil`) VALUES
('e01e1aa4-f6fc-4759-8d2b-103d2e3d7535', 'SYAHRUL IHZA', 'SUGENG FEBRIANTO', 'D2aveVd.png', 'mdjsgt7.png'),
('f21522fd-9727-4e9b-97e6-cbb96d303399', 'MUH. YORDAN IVAN', 'RULITA CHOIRIN', 'UtWdSAv.png', '9PWdvFD.png'),
('fc6fd6bf-1389-44cc-96d2-90c4e181bd7a', 'ARNETA DIA', 'ROJUL FIRMANSYAH', 'gXVdSK1.png', 'rbHn1S3.png');

-- --------------------------------------------------------

--
-- Table structure for table `tbl_paslon`
--

CREATE TABLE `tbl_paslon` (
  `id_paslon` varchar(255) NOT NULL,
  `nomer_paslon` int(10) NOT NULL,
  `id_kandidat` varchar(255) NOT NULL,
  `visi` text NOT NULL,
  `misi` text NOT NULL,
  `points_vote` int(12) DEFAULT NULL
) ENGINE=InnoDB DEFAULT CHARSET=utf8mb4;

--
-- Dumping data for table `tbl_paslon`
--

INSERT INTO `tbl_paslon` (`id_paslon`, `nomer_paslon`, `id_kandidat`, `visi`, `misi`, `points_vote`) VALUES
('e01e1aa4-f6fc-4759-8d2b-103d2e3d7535', 3, 'e01e1aa4-f6fc-4759-8d2b-103d2e3d7535', 'Menjadikan BEM FISIP UBHARA sebagai lembaga yang Profesional, Inovatif,dan Sinergis untuk FISIP SATU.', '1. Menjaga dan meningkatkan sinergitas kemitraan dan kerjasama bemfisip dgn stakeholder baik internal maupun eksternal dilingkungan ubhara \\n 2. Membangun sikap kritis dalam menanggapi isu secara mendalam dan komprehensif dengan mengoptimalkan partisipasimahasiswa FISIP \\n 3. Meningkatkan pelayanan mahasiswa yang aspiratif, representatif, integratif dan solutif untuk mendorong peningkatan kreatifitas dan prestasi', 116),
('f21522fd-9727-4e9b-97e6-cbb96d303399', 2, 'f21522fd-9727-4e9b-97e6-cbb96d303399', 'Menjadikan badan eksekutif mahasiswa (BEM) sebagai penggerak terhadap Mahasiswa yang berintegritas dan berkompetensi untuk regenerasi yang lebih berkualitas', '1. Melahirkan Mahasiswa yg berintelektual,memiliki keberanian dlm menghadapi perubahan \\n 2.Mewujudkan BEM dalam menampung aspirasi Mahasiswa \\n 3. Mewujudkan BEM sebagai organisator yang tanggap dan bertanggungjawab', 71),
('fc6fd6bf-1389-44cc-96d2-90c4e181bd7a', 1, 'fc6fd6bf-1389-44cc-96d2-90c4e181bd7a', 'Mewujudkan BEM FISIP sebagai organisasi yang bersinergitas, solidaritas, intelektual, dan terus berinovasi serta melayani mahasiswa sepenuh hati yang berkaitan dengan civitas akademika FISIP UBHARA', '1. Menjadikan BEM FISIP sebagai organisasi yang tanggap, bertanggung jawab dan bekerja secara nyata \\n 2. Menjadikan BEM FISIP sebagai wadah utama dalam menampung sekaligus menjalankan aspirasi mahasiswa  \\n 3. Menumbuhkan jiwa solidaritas dan toleransi kepada seluruh mahasiswa FISIP, agar memiliki rasa kesadaran terhadap isu isu yang terjadi', 113);

-- --------------------------------------------------------

--
-- Table structure for table `tbl_role`
--

CREATE TABLE `tbl_role` (
  `id` int(11) NOT NULL,
  `role` varchar(10) NOT NULL
) ENGINE=InnoDB DEFAULT CHARSET=utf8mb4;

--
-- Dumping data for table `tbl_role`
--

INSERT INTO `tbl_role` (`id`, `role`) VALUES
(1, 'panitia'),
(2, 'mahasiswa');

-- --------------------------------------------------------

--
-- Table structure for table `tbl_status_vote`
--

CREATE TABLE `tbl_status_vote` (
  `id` int(11) NOT NULL,
  `status` varchar(10) NOT NULL
) ENGINE=InnoDB DEFAULT CHARSET=utf8mb4;

--
-- Dumping data for table `tbl_status_vote`
--

INSERT INTO `tbl_status_vote` (`id`, `status`) VALUES
(0, 'belum vote'),
(1, 'diterima'),
(2, 'ditolak');

-- --------------------------------------------------------

--
-- Table structure for table `tbl_user`
--

CREATE TABLE `tbl_user` (
  `id_user` varchar(255) NOT NULL,
  `id_role` int(11) NOT NULL,
  `nim` varchar(30) NOT NULL,
  `password` varchar(255) NOT NULL,
  `nama` varchar(50) DEFAULT NULL,
  `jurusan` varchar(50) DEFAULT NULL,
  `jabatan` varchar(50) DEFAULT NULL,
  `email` varchar(50) DEFAULT NULL,
  `terdaftar` datetime NOT NULL,
  `status_vote` int(11) DEFAULT NULL,
  `paslon_dipilih` varchar(255) DEFAULT NULL
) ENGINE=InnoDB DEFAULT CHARSET=utf8mb4;

--
-- Dumping data for table `tbl_user`
--

INSERT INTO `tbl_user` (`id_user`, `id_role`, `nim`, `password`, `nama`, `jurusan`, `jabatan`, `email`, `terdaftar`, `status_vote`, `paslon_dipilih`) VALUES
('000fd7f1-a7b3-4d0f-9fcb-26a45e984251', 2, '1913211061', '$2y$10$2BVjMeU8Foz0klSQI3PuMOSYdHt3OFIAoGr0Bk8nZjCD0dUEEK5Su', NULL, 'ILKOM', NULL, 'alyagitawidyasari@gmail.com', '2020-09-21 00:28:20', 1, 'e01e1aa4-f6fc-4759-8d2b-103d2e3d7535'),
('0068ca99-0085-4f7b-ba0e-82732d0a5b7d', 2, '1913111042', '$2y$10$FBJY1cKMh1RjLHwqEQ9.POa.oHB2tLnJMbMB7tMBDbFuBubFVEEoS', NULL, 'AP', NULL, 'adindafatikah@gmail.com', '2020-09-21 12:29:00', 1, 'f21522fd-9727-4e9b-97e6-cbb96d303399'),
('00748f46-1adc-429c-af1e-c6d1bc34ecbb', 2, '1513222196', '$2y$10$uIHlQrFWB1bzpvabP72qL.aCHmWurxHx0QXswLF5UWoPM6lITKO02', NULL, 'ILKOM', NULL, 'dikhafarida1@gmail.com', '2020-09-21 00:17:51', 0, NULL),
('00b9a87c-477c-4fc2-b6bf-28d1bd705e49', 2, '1813111060', '$2y$10$HtG3k32nDpost9zQ6NoltOTqJAkbxxHnoPCJP9suMBLKAfHDOtcDi', NULL, 'AP', NULL, 'hervinamelia@gmail.com', '2020-09-21 17:40:08', 1, 'e01e1aa4-f6fc-4759-8d2b-103d2e3d7535'),
('00d04f52-10a1-4fa6-9112-71ae276eab18', 2, '1813221054', '$2y$10$bOQAFTNJYuxwF022Lag9w.tFueXpSAXY94Fcb7HSCV4C2qpXVxSr6', NULL, 'ILKOM', NULL, 'Baguap11@gmail.com', '2020-09-23 20:23:55', 0, NULL),
('00e35746-f0c1-43c9-88f2-bfafa79743d5', 2, '2013111029', '$2y$10$Won5sOWkdXh8lk8ox.NoW.OXqEJtLe0vDIiU..CE1q3OEuIaFYoBG', NULL, 'AP', NULL, 'anandanaufal94@gmail.com', '2020-09-21 22:05:13', 0, NULL),
('018631a3-b33a-4f94-ab14-66a614d1d4dc', 2, '2013121006', '$2y$10$rwMWUJhlmckd1baPagPYUuiCLqzpGl3MTF5kZE1R2ADaMcs49GS.O', NULL, 'AP', NULL, 'yollandavalencia99@gmail.com', '2020-09-21 23:12:29', 1, 'fc6fd6bf-1389-44cc-96d2-90c4e181bd7a'),
('01a907e5-d3c1-4992-90c6-2ad5e5aa9d20', 2, '2013221029', '$2y$10$dCrWe6ZRdYD4nyVWSA/LXub6abvbb/bRwLCIPllOYnkaD4ht6vgpC', NULL, 'ILKOM', NULL, 'sherlapermatasari79@gmail.com', '2020-09-24 00:03:53', 0, NULL),
('01b6c8a3-58a7-45b4-9e5f-4ee7e0f62c4a', 2, '1713221055', '$2y$10$uP.0q0VkitAXnG5Xgrvpy.Msy40lNHo32X.ga4g5d3nXF3MiPc6Jq', NULL, 'ILKOM', NULL, 'ardikusnaldi2@gmail.com', '2020-09-21 00:21:45', 1, 'fc6fd6bf-1389-44cc-96d2-90c4e181bd7a'),
('02715e82-db60-48f5-a486-d1fae61a1b4c', 2, '2013211053', '$2y$10$xfsxdRykUazLCuityYghze4kNnmZlTYEM6yXSDEGBcahXsIzdIBWe', NULL, 'ILKOM', NULL, 'nabilahfaluh@gmail.com', '2020-09-24 01:16:19', 0, NULL),
('02a505a9-2970-464e-813a-d0f8ee52ed6b', 2, '1913211096', '$2y$10$KZI3FUyMMEl2Uh5q5YHZJu1UXrWwNwA6nOd6IRfNDVqkrbHynwuJG', NULL, 'ILKOM', NULL, 'widiyamahadevi27@gmail.com', '2020-09-21 01:21:40', 0, NULL),
('02eb0cd8-6a9c-46bc-8a52-346e442d2df8', 2, '2013211024', '$2y$10$KywplVAx3/TCRFupV3rDv.WzfCunNbpXjPQIC3VWiqQpHGdKVvmly', NULL, 'ILKOM', NULL, 'aandra028@gmail.com', '2020-09-23 21:48:29', 1, 'e01e1aa4-f6fc-4759-8d2b-103d2e3d7535'),
('033f7ae8-e2de-43fd-bcd2-418188558118', 2, '1713221061', '$2y$10$3CQha1jhV8kSIwmy7bDmIu.hG4CFuO7iryBZ0F.UwlIi3Z/K2TUli', NULL, 'ILKOM', NULL, 'rezaimamb@gmail.com', '2020-09-21 00:22:25', 0, NULL),
('03e0ffa0-0075-43e0-a12c-8c3d3ebfe3f8', 2, '2013211012', '$2y$10$.rfuAiCXe8b3Zq0BrMlUQesk.h1/NYGKHC8XjcY2JEr6xww.yCoZG', NULL, 'ILKOM', NULL, 'tiara.salsabila3030@gmail.com', '2020-09-23 21:59:09', 0, NULL),
('03f70d81-57f6-436e-9389-3e15d9377904', 2, '1713121020', '$2y$10$b0xl0CvOi0YVgQrN/2RvAetVj7zbXsMmE8GWFQ6pD9AXmC7EOqjLe', NULL, 'AP', NULL, 'Vianadil481@gmail.com', '2020-09-19 11:51:53', 0, NULL),
('041bd822-0c69-4c0d-b0a0-e4f569b465ef', 2, '1713111067', '$2y$10$EIBG1dgId6gHB8wzdhoQuOrtt42HZVYaEf3JFo5Ow11s3j3gULVQm', NULL, 'AP', NULL, 'emil31pamunkas@gmail.com', '2020-09-20 15:29:57', 1, 'fc6fd6bf-1389-44cc-96d2-90c4e181bd7a'),
('04adf4ed-6f05-4414-b7c6-65cf1f327e45', 2, '1713121003', '$2y$10$kHj1iK4asy.N13J964G59.Q2WBnc/AbSudYSWncBY6tgYYAe8mn6O', NULL, 'AP', NULL, 'graceveronica28012@gmail.com', '2020-09-19 11:49:49', 0, NULL),
('05595659-1492-4416-ac79-e0c0ad455d33', 2, '1713111087', '$2y$10$P3e0o33fAqoSXzgwIJInR.bWyCaKAkOccDvUK38JYsccVxfmjClL2', NULL, 'AP', NULL, 'sonya.widyagnes@gmail.com', '2020-09-20 22:19:09', 0, NULL),
('055c3a44-0337-4bbe-92de-3cf1cae2e885', 2, '1813211019', '$2y$10$ukyl9FQm6X3d2t7wov1SN.HfFZqVmnW4UJ8MUU5mRwAh64LxrzGxO', NULL, 'ILKOM', NULL, 'fauzanalbaar2015@gmail.com', '2020-09-23 20:15:00', 0, NULL),
('06005f64-0e54-4133-9424-48ac861293b3', 2, '1913111026', '$2y$10$GX6eJCo5i3m5fCD.bvh1l.PEMWfRi2.w0S37OAjTg18ZpkkikksUK', NULL, 'AP', NULL, 'novalita.puteri@gmail.com', '2020-09-20 23:32:57', 0, NULL),
('06641a2e-ee21-42bf-815c-70c055c4e286', 2, '1913221051', '$2y$10$Q8VVb6XGeCaf64ibnt9O0O/QYqRrv131B/xthFDdPycb7rkGNWGLW', NULL, 'ILKOM', NULL, 'firdausmoch8@gmail.com', '2020-09-21 17:33:08', 0, NULL),
('0701febe-4028-4b23-87a8-18d50fc94d1d', 2, '2013221009', '$2y$10$xRi4Hr7IozsoRmJW.75i3.5Dx3KrV1k54ww1h3pnoPZcidnMsboaa', NULL, 'ILKOM', NULL, 'Shirleenaneira101@gmail.com', '2020-09-23 22:31:53', 0, NULL),
('082e4b0d-c9de-4bd2-b531-3ea750159ee5', 2, '1913221039', '$2y$10$hYw.v7ffbpFgWkZJ5vYhZeR7t/SuDRTeLkUYhBTp9rOA4mO0JydP2', NULL, 'ILKOM', NULL, 'anggipramesty116@gmail.com', '2020-09-21 17:38:33', 0, NULL),
('084a0133-a40d-428a-830d-d873cf7f51f0', 2, '2013221019', '$2y$10$HKtiExjFmlsgdugPmf6GrO5D2qFCv7vIdQJVghKVnlrGZaqDXFbSu', NULL, 'ILKOM', NULL, 'rcahyanir6e@gmail.com', '2020-09-24 00:04:38', 1, 'e01e1aa4-f6fc-4759-8d2b-103d2e3d7535'),
('08631399-3246-4793-ad66-233dfa82cefd', 2, '1913121037', '$2y$10$V1fHI3abLkFOtCS0Aa/vvu9ZDdSWhiqJpTmCRZMnL6V6QB19dyqUy', NULL, 'AP', NULL, 'brilliantrachmadprayogo21@gmail.com', '2020-09-21 13:12:34', 0, NULL),
('08a52eeb-4154-4b9c-b2f5-0467cd6c77b5', 2, '1713111014', '$2y$10$hk7gw5Ra51DF6hs4.AoGae5ITAox7h4lci/BKY11kdlofDA/3t012', NULL, 'AP', NULL, 'mayabudianti6@gmail.com', '2020-09-20 23:35:21', 0, NULL),
('08b824ac-bbbd-46a8-bac2-cdbbde5a32b6', 2, '1913111007', '$2y$10$tig.y5eNWm94BF9x/vwuhe2bIaXrycqKNK9bREOPIPjTM01xlF3Uy', NULL, 'AP', NULL, 'yundatriana@gmail.com', '2020-09-20 23:39:21', 1, 'e01e1aa4-f6fc-4759-8d2b-103d2e3d7535'),
('08d24a2f-1c20-4c1f-86f1-b3f3dc6c73ed', 2, '1713121030', '$2y$10$t2GM/egxTNndMvRYjj0sDed.s7G349ikZVivPKocOjxy9lXJ.MuXe', NULL, 'AP', NULL, 'azizah.zie25@gmail.com', '2020-09-18 15:23:10', 0, NULL),
('08def2c2-6ed9-45d6-85c0-e369802a69c7', 2, '1713111047', '$2y$10$4l1vY8zds4p2HlMmljhjFO2x7/ehfmup0hyDu0yowGTE.S7.fE26y', NULL, 'AP', NULL, 'vithasia306@gmail.com', '2020-09-19 00:57:25', 0, NULL),
('0915fcbf-7868-43a8-895a-893aa41a78f2', 2, '1713221046', '$2y$10$1ECp3g6wADlA0n64m.Nb6u/njYT4eDWx/ogqS7ihZTSJxMDOheMS.', NULL, 'AP', NULL, 'gabrielasafira13@gmail.com', '2020-09-19 12:47:46', 0, NULL),
('0931baab-8c35-48d5-a9e9-c369a4c74a66', 2, '1713111077', '$2y$10$3QLIaaGrLZyGVQJ9hpsCtO2Qv2XCCZIbsZxsf9O5rz4yjxB0rMZ2y', NULL, 'AP', NULL, 'christinademawar@gmail.com', '2020-09-20 22:03:01', 0, NULL),
('095833ad-fc49-476b-9267-110b3c4a4fa1', 2, '2013111025', '$2y$10$0MdWH27wdFLI5TwX6zly3eSjySR1R5EbYSw/4Ra/MvW1SRnNtPCiK', NULL, 'AP', NULL, 'irmarenata804@gmail.com', '2020-09-21 22:45:15', 1, 'e01e1aa4-f6fc-4759-8d2b-103d2e3d7535'),
('0abdc782-07c5-493a-a81e-a4f739b06a91', 2, '2013211045', '$2y$10$KOA3CZNeRiYufKJKC.m3HuRMXJrbpzC0sg421EW9Qgs2q0mvhIZHa', NULL, 'ILKOM', NULL, 'kelzia.angel01@gmail.com', '2020-09-21 23:57:43', 1, 'fc6fd6bf-1389-44cc-96d2-90c4e181bd7a'),
('0b1b30e7-5948-40ed-b9f2-98275ba636bb', 2, '1713221040', '$2y$10$Hdn2yfZnAPibh5LJwl9yTeNDJE7WYRjhdJ5yIquTGgMwU/lYE8EaS', NULL, 'AP', NULL, 'ulilramadany14@gmail.com', '2020-09-20 15:05:25', 0, NULL),
('0bb019ad-d856-4337-a158-d61b48192660', 2, '1713211021', '$2y$10$hOgTyEcl0kX71hdGVhygxO3tPA3g3rgRVvOFJkxNUa8kSOhl2gXQG', NULL, 'Ilkom', NULL, 'virancas@gmail.com', '2020-09-18 22:45:10', 1, 'fc6fd6bf-1389-44cc-96d2-90c4e181bd7a'),
('0c61da35-e32e-4108-ad10-6947d473823a', 2, '1913211033', '$2y$10$8VWKWZUdNDX8SrzvQqNLEOO1Wiz6rROWfRVa3HixpeeziRBQzE28W', NULL, 'ILKOM', NULL, 'ramadhanandi478@gmail.com', '2020-09-21 01:07:53', 0, NULL),
('0d532573-ecaf-4300-9729-f04d8e5f5109', 2, '1913111004', '$2y$10$h72AOuew0nW5uYZzxqBiCuv3.jMRe4Z5hjgAS6bb6tmDdvJHdS2Rm', NULL, 'AP', NULL, 'danieldinan786@gmail.com', '2020-09-20 23:25:46', 1, 'fc6fd6bf-1389-44cc-96d2-90c4e181bd7a'),
('0dba49cd-ef18-45cf-b4ba-45d0310d8383', 2, '1813111065', '$2y$10$JTLvDZ.U.HvabA7BIqerRehUktda50n/gy1YKJCq9JN0qYwfw80EO', NULL, 'AP', NULL, 'nadiaauliadw06@gmail.com', '2020-09-21 00:41:05', 1, 'e01e1aa4-f6fc-4759-8d2b-103d2e3d7535'),
('0e2a287e-3502-4089-b18d-bf599aab1c22', 2, '1913111002', '$2y$10$rkNjrWacdYaVBbvd0q7LMewuc1rKkmGVF5sZMui4i5USCzFbdzLSe', NULL, 'AP', NULL, 'rizkydinda164@gmail.com', '2020-09-21 12:21:03', 1, 'f21522fd-9727-4e9b-97e6-cbb96d303399'),
('0e3e616c-9406-46e1-a463-613dd6ad2354', 2, '1713111010', '$2y$10$22AydymN57zyqnJjKVDB5uiNeBRTuJs6tgcZxR8BHQNs47mux1izS', NULL, 'AP', NULL, 'noviaelba14@gmail.com', '2020-09-19 00:48:12', 0, NULL),
('0e721a20-23a3-432d-a4af-ef2b8f054dd6', 2, '1913111044', '$2y$10$d.gh4lBcFw34L.vafEP2P.4IPZzDu5ySFYqWGJeXBS39lsIsoZxl6', NULL, 'AP', NULL, 'ariftrilaksono039@gmail.com', '2020-09-18 14:39:07', 1, 'e01e1aa4-f6fc-4759-8d2b-103d2e3d7535'),
('0ee02621-c664-4e53-ba71-630cf0e2fba0', 2, '1913211049', '$2y$10$ybsTH5S0k.HeeHnGYDMVEOkmvsZwtKMH2A4By3r.1jxauUtM3jBc2', NULL, 'ILKOM', NULL, 'shellamonica013@gmail.com', '2020-09-21 01:02:47', 1, 'e01e1aa4-f6fc-4759-8d2b-103d2e3d7535'),
('0f182289-75e7-478d-9cf1-d46356e486cf', 2, '1913121002', '$2y$10$Wq3DXHI34WrewdxfrRRdSOISTjI.vA6C49EIYZUDZP5534U/r/6xK', NULL, 'AP', NULL, 'akbararif221@gmail.com', '2020-09-21 12:56:31', 0, NULL),
('0f581531-c8bb-4c19-a1bb-94d0c28dd490', 2, '1813111024', '$2y$10$kGlsi8zOnxkWkXSSxoAuruGOfP0JNcud8EDltwWU.T4mTTGlUyI4i', NULL, 'AP', NULL, 'pipitwidya320@gmail.com', '2020-09-23 20:38:47', 1, 'f21522fd-9727-4e9b-97e6-cbb96d303399'),
('0f59de43-5102-4f9a-ba42-7842b8235f4a', 2, '2013221001', '$2y$10$1d.XjIH.I2WZ3Xu9s31y7OjSAz0khv181tpLkbuCXMCLVNtL2OiYC', NULL, 'ILKOM', NULL, 'jihaanctr@gmail.com', '2020-09-24 00:05:09', 0, NULL),
('10c8a870-27a1-4a03-96b3-7bb07b41fbc4', 2, '2013221007', '$2y$10$1aoBYNj2xAdNqH5Wtdppsu4JN.zd.YiASZxPErBoPpHzPzUnpZqF2', NULL, 'ILKOM', NULL, 'deviyfzahroh@gmail.com', '2020-09-24 00:53:52', 0, NULL),
('112ba43b-63a5-418f-8a06-32e3221755ba', 2, '1713211071', '$2y$10$RswlmMpLBF/tOxM5Qirg3.bQpNiFHVEfCxDBtglrl3p7svpu15qYu', NULL, 'Ilkom', NULL, 'arsefirsty26@gmail.com', '2020-09-18 22:38:07', 0, NULL),
('11de94c0-35a0-48ea-b893-7b9e3faf397d', 2, '1813221009', '$2y$10$SCQ/VL7ZQtvFZUtLJfZD1OD/KynLtqVJqwwwb8NOGAMwjeSq8MY0.', NULL, 'ILKOM', NULL, 'gythayanuar@gmail.com', '2020-09-23 03:49:15', 0, NULL),
('12a023c5-3a44-48cf-9096-0d855626ae04', 2, '2013211040', '$2y$10$iGF9dvy0M5.MSgTIuUiUoOO/pbWmhve7ALI4nULkwyyOnovhaulfm', NULL, 'ILKOM', NULL, 'nalarahmaputri5@gmail.com', '2020-09-23 22:24:41', 1, 'f21522fd-9727-4e9b-97e6-cbb96d303399'),
('12b9719d-cc00-4cb9-950e-c5f95c0f559c', 2, '1713121007', '$2y$10$WNf1gD8PV1vc1acpw3zo8OoLssznwU1hbdZVXkAgrRISJQOKKiS3S', NULL, 'AP', NULL, 'Nabilasandi3@gmail.com', '2020-09-19 12:05:41', 1, 'fc6fd6bf-1389-44cc-96d2-90c4e181bd7a'),
('12cfddc1-a642-4dd7-9f62-4baca6cd335c', 2, '1713111068', '$2y$10$lyKr./b9On9jQbV0Iv1afOY2g.vocblJcLhqvWFhDJjBw.ieWv2P2', NULL, 'AP', NULL, 'anisawahyulila@gmail.com', '2020-09-20 15:16:07', 1, 'fc6fd6bf-1389-44cc-96d2-90c4e181bd7a'),
('12df9578-1a93-48f6-a0a1-4bf699f4fdf6', 2, '2013211008', '$2y$10$l8z/LNW1cFMA7IZ50xMkIONHkLY/sNQY98ZSxAKXkW9T.P2O6G6My', NULL, 'ILKOM', NULL, 'faridrachmad88@gmail.com', '2020-09-21 23:48:32', 1, 'fc6fd6bf-1389-44cc-96d2-90c4e181bd7a'),
('13743e23-2b7d-4d34-b9d0-b0c1862eb179', 2, '1813221005', '$2y$10$ZMNXo6Xr7bwF7GGisULXsOvdPh9k9VdhKH0L8k2BccG5c/r..Ubum', NULL, 'ILKOM', NULL, 'adityahendrawan2206@gmail.com', '2020-09-21 18:03:54', 0, NULL),
('13838647-a5fa-45d4-9ae9-e26be0ad4e45', 2, '2013211018', '$2y$10$3M1nEYpHgTlSdLfVOTsC4O9LdAOoJ1GtkPYGq7..0GK7XSv7wcy2m', NULL, 'ILKOM', NULL, 'Aclaudio049@gmail.com', '2020-09-23 22:04:18', 1, 'e01e1aa4-f6fc-4759-8d2b-103d2e3d7535'),
('142b375f-ec4f-4e63-ac41-1de371a26f7d', 2, '1713121056', '$2y$10$KaAcOUpkdI.43uGjwTDtc.wFLtHAv8RlNcpWz5A3o.9nV8X3i70va', NULL, 'AP', NULL, 'mulandyah88@gmail.com', '2020-09-18 15:17:46', 0, NULL),
('15278f54-f3a2-4f56-917a-4ca1f7f39a78', 2, '1713111027', '$2y$10$FUZNIJAVeH2MVT0ohaK/SeuKkq6bGUp2Clj2p93kmlv3ULFH0sUT2', NULL, 'AP', NULL, 'teresepti26@gmail.com', '2020-09-20 23:50:18', 1, 'fc6fd6bf-1389-44cc-96d2-90c4e181bd7a'),
('164f12da-32ae-4ebc-8d31-39afa663979a', 2, '1713111088', '$2y$10$8wwuSu2iHUnmt62xpG9iMeeuH2dMI6NbuUSQghsjSSMB7tE9YIXQG', NULL, 'AP', NULL, 'amilatus.230599@gmail.com', '2020-09-20 22:17:45', 1, 'e01e1aa4-f6fc-4759-8d2b-103d2e3d7535'),
('167d7156-22fb-426d-9595-b16993211826', 2, '2013111024', '$2y$10$6CTwRhdbiC/7UO4e8rfVa.1GY1qkKjggaSN6BIXjTa3hejwikhcsu', NULL, 'AP', NULL, 'nurfitrianamelati@gmail.com', '2020-09-21 22:26:52', 1, 'fc6fd6bf-1389-44cc-96d2-90c4e181bd7a'),
('168a7c4e-d1eb-4a72-9730-39b2d3a79032', 2, '2013211011', '$2y$10$.vx.llASYxP1S74RNoD24etxdCEz0aw0y5zCeSFoLnQ9osecGL.LO', NULL, 'ILKOM', NULL, 'putriarixa@gmail.com', '2020-09-21 23:52:48', 1, 'fc6fd6bf-1389-44cc-96d2-90c4e181bd7a'),
('1713850b-7939-4baf-8f03-5297c6f04fed', 2, '1713211025', '$2y$10$BeK144Y.MEPzjCmglF80He7fpeSmVJf/F6JY/8EGkScZ1K0FSmKwG', NULL, 'Ilkom', NULL, 'kevinphalosa50@gmail.com', '2020-09-18 23:15:06', 1, 'fc6fd6bf-1389-44cc-96d2-90c4e181bd7a'),
('17b917bf-3c51-437e-baa7-83bad8e22ae6', 2, '1913211034', '$2y$10$fHxcO82wi/FGxL/JPNe31.C.Xvnxb45GVfCWnuVn.w.PsAHvcZABe', NULL, 'ILKOM', NULL, 'fikriyahafi2006@gmail.com', '2020-09-21 01:19:47', 1, 'e01e1aa4-f6fc-4759-8d2b-103d2e3d7535'),
('17cb98c3-a96d-45d5-acd1-e7f9c2e71a51', 2, '2013211087', '$2y$10$6BwIChVkYSVwrJJ1HfsUlOGlmRveJ0sD1lbNHtX7.yc7x2jFZcEx6', NULL, 'ILKOM', NULL, 'faisalahsal88@gmail.com', '2020-09-24 01:39:03', 1, 'f21522fd-9727-4e9b-97e6-cbb96d303399'),
('180b0c73-e553-4df4-ac3d-468eda35ba42', 2, '2013121017', '$2y$10$Bjy0/D0fuIEp0ULVLcKMKeptBzz42E5HHm4.Ll4M2MtVkaXyqTuNu', NULL, 'AP', NULL, 'Ferdianiqbal07@gmail.com', '2020-09-21 23:41:30', 0, NULL),
('181280c9-22ea-46d4-8260-c08c12867ce9', 2, '1913221014', '$2y$10$9ht8LS4503G5VHYH1ih.C.iNtCZLlwSWP151YAJZd8cpDdBbu3BBe', NULL, 'ILKOM', NULL, 'raflywahyud@gmail.com', '2020-09-21 17:54:58', 0, NULL),
('1836f114-693d-492c-a533-e3ea59e4df86', 2, '1713121006', '$2y$10$SlmMtfhKl/VWvBIOi0f55OS242ar5NhJXiN.wFpFqnMFqU8BkSa/G', NULL, 'AP', NULL, 'Elfridakusdiana1997@gmail.com', '2020-09-19 12:01:30', 1, 'f21522fd-9727-4e9b-97e6-cbb96d303399'),
('187ba05d-30a8-4abe-9c81-67211d52f1db', 2, '1813111046', '$2y$10$Wlc2WskGwOGMIbfzIL2igu9Hg8YZlfJ1nEkMkL1QmGKWA6O/kWwni', NULL, 'AP', NULL, 'efridarahayu19@gmail.com', '2020-09-21 00:41:51', 1, 'f21522fd-9727-4e9b-97e6-cbb96d303399'),
('18fc675f-c701-4d6c-8f02-d36f010c0498', 2, '1813221021', '$2y$10$WQO1M8N5lsim0/Rx1MHlpuXlvJ4X89ZS7u2StTbdD2oVsnoy2RaYG', NULL, 'ILKOM', NULL, 'rojulfirmansyah@gmail.com', '2020-09-18 16:54:41', 1, 'f21522fd-9727-4e9b-97e6-cbb96d303399'),
('19058a20-1e2e-4b5e-a2d2-27c330342a61', 2, '1913211077', '$2y$10$W.xGaTqsfOI1jdvZE2mI9usQWOC69fNMF/O6c14uX7hh64QVfuGI6', NULL, 'ILKOM', NULL, 'kikicitra15@gmail.com', '2020-09-21 00:14:20', 0, NULL),
('191b23ae-a518-40ea-9c96-8cc0356111dd', 2, '1713221057', '$2y$10$b2H.JwB7cbi5Ct5GJT6FgO07Kb8qwb7xoaQ6Wo2D/MVenU4wcDh4m', NULL, 'ILKOM', NULL, 'adindahexa@gmail.com', '2020-09-20 23:53:48', 0, NULL),
('1985eeb4-ed49-407f-969c-3e968936f0ae', 2, '1913121039', '$2y$10$21VYGIra/68B3teNpLp.uuxFw5.9mfFUBsyCyFM/z5Xcuf8JJeXaO', NULL, 'AP', NULL, 'adveniania02@gmail.com', '2020-09-21 12:55:37', 1, 'e01e1aa4-f6fc-4759-8d2b-103d2e3d7535'),
('1a1c8f72-ee76-4e6d-80ea-8dcec87ebcca', 2, '1613111057', '$2y$10$Hur36j2gSg9jaVCqVOdgtOmyQkwVG0JlStXDhOZo1YEMG9pRcrtke', NULL, 'AP', NULL, 'ajiengrha@gmail.com', '2020-09-23 02:36:00', 0, NULL),
('1a85085e-98e3-479a-b58d-bdd717e2a77c', 2, '2013121010', '$2y$10$NdAXg2FxXNh8hqt6Na1hJ.Xv.JNZamPAR/7ysbHtFJ5khEETokMz2', NULL, 'AP', NULL, 'nabilputra007@gmail.com', '2020-09-21 23:43:28', 1, 'fc6fd6bf-1389-44cc-96d2-90c4e181bd7a'),
('1aae9c61-6ba9-4099-8899-229bf10d7eeb', 2, '1713121057', '$2y$10$3bNUTGASZ1vcUlJrBlBh7OPnbar2vGthhhwIhbRdgixlwyHaMKmy6', NULL, 'AP', NULL, 'ffolivia@gmail.com', '2020-09-19 11:56:02', 0, NULL),
('1ab24c06-d094-461a-bb83-85640164beea', 2, '2013211054', '$2y$10$97xFYlXTuFEinqTDshRxUuSvvRU16Z9ixwrFe3K2CAAKmYOAWcGKW', NULL, 'ILKOM', NULL, 'riskyfernandaputra2002@gmail.com', '2020-09-24 01:40:19', 1, 'fc6fd6bf-1389-44cc-96d2-90c4e181bd7a'),
('1b1af9e4-9406-4044-94e4-d4362aed111f', 2, '2013111007', '$2y$10$TTYkCfvshlMxkcmevjOs2OYZgx6u7IuiC9cTY6YaGbebjC/kFPocu', NULL, 'AP', NULL, 'devirawinar@gmail.com', '2020-09-21 22:26:13', 0, NULL),
('1c1839c4-d8d1-49df-85ba-26a141ce13ba', 2, '1913221041', '$2y$10$XZZFkS3vpQhWwstuc/7n/exPgJkgJxZAzb.WNMmazEg1m4nu5hOre', NULL, 'ILKOM', NULL, 'gisaavelina@gmail.com', '2020-09-21 17:58:44', 0, NULL),
('1c39beb7-80b9-4ff8-9b2d-1921677245ec', 2, '1713111096', '$2y$10$9ztmSkLc1VJd4yJCl0j/bOjC3s6QZvA0wDIasScc2TZZviWcCoMUu', NULL, 'AP', NULL, 'ainunmaratus27@gmail.com', '2020-09-18 18:15:09', 1, 'fc6fd6bf-1389-44cc-96d2-90c4e181bd7a'),
('1c402af3-fc1f-47ef-ab6f-ad28e0e839c0', 2, '2013221043', '$2y$10$7eWkbEWhaizJiVhrCZkZt.hODT9N6U.9QAAEoFSznnZpywHMUkS6q', NULL, 'ILKOM', NULL, 'inggriddh11@gmail.com', '2020-09-24 01:10:20', 0, NULL),
('1d09f526-662d-48f9-b227-51780eeca77b', 2, '1913211007', '$2y$10$/heYOWgeT/SuTfDO7q4l5et8W.KufvWc1tGALr6zbQAonoPIKWf9O', NULL, 'ILKOM', NULL, 'tirsageva8@gmail.com', '2020-09-21 00:59:01', 1, 'e01e1aa4-f6fc-4759-8d2b-103d2e3d7535'),
('1d5f9af3-acea-4dbf-bba6-6aa4e646fc7f', 2, '2013211086', '$2y$10$QN89BYyJ7WCYhkJd9BoI4OoA9XvvODEVOWcgC9zPx33k2iOutfruC', NULL, 'ILKOM', NULL, 'reynaldiadam9@gmail.com', '2020-09-24 01:23:22', 0, NULL),
('1d82f4c8-b049-4864-a458-2bdcc0886077', 2, '1913121007', '$2y$10$XhGDF8.rllJ/QWfJ1TKMe.qYkmpZjidK95UI.XF9dU15vT6Id3UAm', NULL, 'AP', NULL, 'elsarochmawati17@gmail.com', '2020-09-21 12:17:46', 1, 'e01e1aa4-f6fc-4759-8d2b-103d2e3d7535'),
('1dc2b256-4478-41c3-bfe2-18258d4a95fc', 2, '1913221016', '$2y$10$dzFogqXGYDxxtj4bAuDMo.JD62sDpj05VmIQ4J78HYS6QEAZTT0wS', NULL, 'ILKOM', NULL, 'kentang806@gmail.com', '2020-09-21 17:49:38', 0, NULL),
('1e129fc9-1210-4956-baa8-cf1fed766a62', 2, '1913111046', '$2y$10$xNYO6zjsuzda9WaXkLvnSuxUtewOPSCOkD0NRC6TikSpun1/31c9i', NULL, 'AP', NULL, 'amaranasya18@gmail.com', '2020-09-21 12:19:16', 1, 'f21522fd-9727-4e9b-97e6-cbb96d303399'),
('1e337cf5-43e4-49a4-b314-35f86b6065c1', 2, '1813111040', '$2y$10$P35lMkoUf673x4VJnFAm8uySiPwOz0uxOQrpDZfT11sKWYhjVJaLq', NULL, 'AP', NULL, 'rike.gianpermata@gmail.com', '2020-09-21 17:38:20', 0, NULL),
('1f051f7d-1dee-4e75-9f13-1d31e5450119', 2, '1913111005', '$2y$10$yeY6tlJgArmGyx8B.qw2mu3tPcbPDxLGVLgWNKAd/hXJvQfgdCl0m', NULL, 'AP', NULL, 'ikasintyajulianti18@gmail.com', '2020-09-20 23:34:46', 1, 'e01e1aa4-f6fc-4759-8d2b-103d2e3d7535'),
('1f5a66bb-f119-45b5-b11e-1b798617798e', 2, '1713111013', '$2y$10$4AFv3UzH37GrfFXtO/UCkeFueBHPvo1.B.J5R6jsegDa38g0x0euC', NULL, 'AP', NULL, 'sambaraarya887@gmail.com', '2020-09-20 10:59:20', 0, NULL),
('1f6ddb94-6672-430c-b269-9fb86a7f8a65', 2, '1913211082', '$2y$10$gYOVnWz8UOuqE7QDF8reJuVq4hqEWfGagSKWAG0e93bCvyh6OFTCy', NULL, 'ILKOM', NULL, 'bramantyasputriditasari@gmail.c', '2020-09-21 00:10:18', 0, NULL),
('2121aef2-8b9b-4018-b117-457b86c37665', 2, '1713111048', '$2y$10$pMbMDL3tuI416ZDt.UI4ZO5OlEw2stu26D9biMocs/9Xuj.fljvKy', NULL, 'AP', NULL, 'mukhtaraasmaul@gmail.com', '2020-09-20 23:43:35', 1, 'fc6fd6bf-1389-44cc-96d2-90c4e181bd7a'),
('213cd8ba-6d88-4daa-9137-d5c478d72d99', 2, '2013211055', '$2y$10$e6mRJjFr3iNMKkeK8D2MSOXOQetdTdqnUUnQcbWQBIU1AXMY.RmLK', NULL, 'ILKOM', NULL, 'achfahatfahatms@gmail.com', '2020-09-24 01:30:23', 0, NULL),
('2189ed33-8e01-420c-8515-3133d4e4cacc', 2, '1713111059', '$2y$10$LAvTHBtoBkzud.geYTATPufZ4HhKZQYBUMHbewOKK9zim7Zl3FulO', NULL, 'AP', NULL, 'ameliapadil211@gmail.com', '2020-09-20 22:26:36', 0, NULL),
('222dec0d-b940-4f32-b024-ebbcf4614316', 2, '1913211088', '$2y$10$QqNrvij1Ya0ydup7q9jHDexuVIYOeeK5a6dFoR7aWTaTFQj5Q/hS.', NULL, 'ILKOM', NULL, 'attalariq@gmail.com', '2020-09-21 00:30:26', 0, NULL),
('224adcce-925d-493d-acb5-ff8779d339ba', 2, '2013211044', '$2y$10$HSpgI5PSAefS2e62dMhdsOpQAUMc1O3ZRJJ6QmCihBd9wuEUbULRC', NULL, 'ILKOM', NULL, 'fiandw1105@gmail.com', '2020-09-23 21:51:13', 1, 'fc6fd6bf-1389-44cc-96d2-90c4e181bd7a'),
('22f8f882-138f-4ec1-b77e-546837ba9a07', 2, '2013221038', '$2y$10$R8xgLtIhvz5mUp7l9iwyVeVREA7qlLlSEIlSL45Lz3Ao7AT1kQXFK', NULL, 'ILKOM', NULL, 'sahnazgusti17@gmail.com', '2020-09-23 22:48:43', 1, 'f21522fd-9727-4e9b-97e6-cbb96d303399'),
('2367eb4f-84c0-49cb-a8ca-ebdcf21bab80', 2, '1713221012', '$2y$10$7DfZcBRxDdJHN7kcct67r.K3T1Albpn1HMKUbFQDvte02sE.FjaMa', NULL, 'AP', NULL, 'hildadaviani44@gmail.com', '2020-09-20 15:06:52', 0, NULL),
('244ffdc9-679c-414d-b50b-a82b2419525b', 2, '1713111083', '$2y$10$/S/1OtDsmwCkpTY.QOh20eV1ntHCEu.PkXcX0SnVahzjEJximuQ8e', NULL, 'AP', NULL, 'adeirmasyarifuddin092@gmail.com', '2020-09-20 22:21:13', 0, NULL),
('24547487-beae-4a03-8efe-8d09678e9e52', 2, '1813121039', '$2y$10$YogVKYrtXBI9YQEiPWwjOulYE6EdtDbUGrQIrsxwhtRhmpW7PdrKO', NULL, 'AP', NULL, 'alfrizqha.mirramega23@gmail.com', '2020-09-23 21:05:12', 0, NULL),
('24bf5b11-5daa-4891-8568-df98d727968d', 2, '2013211070', '$2y$10$/nRXXxU4hoW/xoVmVsKxD.tCqGxogmwL1Dtrd.oxGf3CT0jozjCcS', NULL, 'ILKOM', NULL, 'mzrtlmasruuroh@gmail.com', '2020-09-24 01:20:17', 1, 'f21522fd-9727-4e9b-97e6-cbb96d303399'),
('24c46434-f312-4d31-bc85-24529087876e', 2, '1813111066', '$2y$10$E9eb76SvYF0i1ra0xpFmz.7iDYnzLtKW90616wwqvF2s1MiYcW/ga', NULL, 'AP', NULL, 'clarisadr11@gmail.com', '2020-09-21 00:40:26', 0, NULL),
('24d5228e-43ac-4ab4-9b7a-1a3b15f820e1', 2, '2013221033', '$2y$10$3DgZg9sO.hIMVt/VPeQ24.EE7ZubLMmMtU2kvn80FCYc2k/z7lUXu', NULL, 'ILKOM', NULL, 'qerenhapukh18@gmail.com', '2020-09-23 22:41:58', 0, NULL),
('256f57da-6fd7-44d6-8509-30c9b449fc95', 2, '2013211075', '$2y$10$Pvh6osXWkbPrgnpFLwH8SeVu3hmbWMeMNvkjkxfxKsY1I8xFR/0Pi', NULL, 'ILKOM', NULL, 'mariayosephine29@gmail.com', '2020-09-24 01:33:08', 0, NULL),
('26461beb-b957-4d44-9c1d-704f7f1a6d03', 2, '1813211041', '$2y$10$ex7NTyiOWbx5Hl0KyLPgZO.8I8BzHljuIUtVKeQXj0fper3mEAKIa', NULL, 'ILKOM', NULL, 'harnum213@gmail.com', '2020-09-23 21:08:40', 1, 'f21522fd-9727-4e9b-97e6-cbb96d303399'),
('26d39580-5881-4f78-808c-888e9868cd66', 2, '1913121038', '$2y$10$E9in7iHlhZJhGa73B0JopuvxNGB.4EpQhWudhhl1Lq8ynA2hGCR7.', NULL, 'AP', NULL, 'luckyariza23@gmail.com', '2020-09-21 12:48:02', 1, 'fc6fd6bf-1389-44cc-96d2-90c4e181bd7a'),
('26e0ab3a-5e79-4853-a600-514d052d1306', 2, '2013211023', '$2y$10$lPms8oVHMmunfZKqgnU4xe.FTWJV1NT7dYwf9w/Ifk5x246NoAxw6', NULL, 'ILKOM', NULL, 'agengayugapurini@gmail.com', '2020-09-22 00:08:51', 0, NULL),
('2707a61c-ccab-48f0-beed-579d57d0ecb1', 2, '1913211021', '$2y$10$hTsTT/yJkJh3ZuDx5AcTeuUnIfmp4hMW83VCExs6B2esoL99A.U.m', NULL, 'ILKOM', NULL, 'ayuwulandari1792000@gmail.com', '2020-09-21 01:07:01', 1, 'e01e1aa4-f6fc-4759-8d2b-103d2e3d7535'),
('2730249a-fc80-40e8-a879-622586d02637', 2, '1913211078', '$2y$10$r0m42R7W38pwmVLG4r4ZXeN3vDpZCdmU5oF/x59tou1Zhj0tdXbKm', NULL, 'ILKOM', NULL, 'azoldyeck18@gmail.com', '2020-09-21 00:40:18', 0, NULL),
('28967f97-0753-433c-ae24-cd434e2a0ba3', 2, '1713111007', '$2y$10$A71eQgI9bg.v.s7lrL44M.z6Ah0zO3SYxIuN8o2DbVRRI7k8ghCpe', NULL, 'AP', NULL, 'aldokurnia75@gmail.com', '2020-09-20 23:47:04', 1, 'e01e1aa4-f6fc-4759-8d2b-103d2e3d7535'),
('28da396e-50d2-4188-9dbf-49af9a06d351', 2, '1813221062', '$2y$10$Tzfd2wCiELYrh9w..G4w6e.fS1EVjHO3AFd54JPNvFmMA51djinx.', NULL, 'ILKOM', NULL, 'dwiemamustika@gmail.com', '2020-09-23 03:46:34', 0, NULL),
('29baf8fc-1252-4970-8854-c0b2ae2d93ef', 2, '1813211055', '$2y$10$eiFnQVVZlnm1zWsbZAJ9yeSuzpd7uWb/b/34X1eOyPoJfCj3OBWNO', NULL, 'ILKOM', NULL, 'mriskiramadan33@gmail.com', '2020-09-21 16:15:22', 1, 'fc6fd6bf-1389-44cc-96d2-90c4e181bd7a'),
('29cd8348-32d3-49e3-9f54-511f4cf4880b', 2, '2013111032', '$2y$10$TVdwK2OxbftKqnLkkoPRHeccr8AfzTeF3RJfALB9gle1uDwUV.5di', NULL, 'AP', NULL, 'dirgawahyu456@gmail.com', '2020-09-21 22:46:24', 1, 'fc6fd6bf-1389-44cc-96d2-90c4e181bd7a'),
('29fe56b6-a5a4-477c-9316-608d82846b8c', 2, '1813111015', '$2y$10$bRtCUgJof.KUxXWX5PyHZ.TdSoIU.GgwfxJxBsBtm9dXbhm.lR7Wq', NULL, 'AP', NULL, 'dhelliafebbyp@gmail.com', '2020-09-18 17:29:36', 1, 'fc6fd6bf-1389-44cc-96d2-90c4e181bd7a'),
('2a39c235-16ca-4f5d-837f-230647e60f5d', 2, '1713211069', '$2y$10$fQUZ7xQca05MLFHNuNk6kuz9wtObyievMxISbJBV738X9r.iHxZuG', NULL, 'ILKOM', NULL, 'rosita.subaway98@gmail.com', '2020-09-18 23:23:16', 1, 'fc6fd6bf-1389-44cc-96d2-90c4e181bd7a'),
('2a59ea98-e69b-4124-b6d7-dd5876cba0ca', 2, '1713111052', '$2y$10$puDK.F1kxSefTFCPgofiBOLfBTITLTv7ddn8v7Kv4EZIJrMbvgpwq', NULL, 'AP', NULL, 'agungtirtajaya8@gmail.com', '2020-09-20 22:10:33', 0, NULL),
('2ac99f32-5207-41d9-b085-7fc81336ebb3', 2, '2013211057', '$2y$10$uQr9R3N.bMvwpIdudHHwGeUvhZWsZY1oSa87i3qEt8bJuZcMcFisO', NULL, 'ILKOM', NULL, 'terjebakmenjebak@gmail.com', '2020-09-24 01:27:04', 0, NULL),
('2b0bb8f1-c32f-4a3c-b5b3-72f3be784886', 2, '1913211055', '$2y$10$RdgSdxWRTnqzVAck0gWpoOt18V1yuRd3DWvaL0QoACihS15nEOQfq', NULL, 'ILKOM', NULL, 'shafiranurazijahsundawa123@gmail.com', '2020-09-21 00:15:37', 1, 'f21522fd-9727-4e9b-97e6-cbb96d303399'),
('2b329bc3-e125-467c-93d6-8ab1bb3eae33', 2, '1813111063', '$2y$10$0XTaxb5FgODow00x/DrkZel2JwvEsBBM1rktpL3B/VlpyRSFF5n6C', NULL, 'AP', NULL, 'm.alfin417@gmail.com', '2020-09-21 00:37:03', 1, 'e01e1aa4-f6fc-4759-8d2b-103d2e3d7535'),
('2b9f3bc3-7e1f-4cf1-9691-ff5dfe25e484', 2, '1913121003', '$2y$10$VZSQo1FvWFHlmV7VzJQnkuZsy.rsKgFTtMJmKR5m2/xlIay2xe9JC', NULL, 'AP', NULL, 'rosa.199965@gmail.com', '2020-09-21 13:16:19', 1, 'e01e1aa4-f6fc-4759-8d2b-103d2e3d7535'),
('2bd7ced0-b8aa-4c32-b7db-d95b03d72539', 2, '1713111004', '$2y$10$gsqd3.fK35X.6yjhtWP/LuM3Zk0nl99qlyhfopRU76QOsSNa3obfG', NULL, 'AP', NULL, 'rizkiputriandriani@gmail.com', '2020-09-20 23:48:18', 0, NULL),
('2bfdf2c8-2dc3-4326-ba4b-4cf3703fd61f', 2, '1913111061', '$2y$10$7wyO86y4R5rMKBER0gv9Y.ef29kDQtM47DKk8FAGkcO8M09jULQHe', NULL, 'AP', NULL, 'fadhilaanisa21993@gmail.com', '2020-09-21 12:21:49', 1, 'f21522fd-9727-4e9b-97e6-cbb96d303399'),
('2c6c86cb-89c0-4664-8bad-6b423230fa2b', 2, '1913111059', '$2y$10$YZm0NLbp75ssFHGhVCkui.bgfqbYxcx.XQH045zJU3uBLzoaGp5vC', NULL, 'AP', NULL, 'nandatasyashafa12@gmail.com', '2020-09-21 12:33:18', 1, 'f21522fd-9727-4e9b-97e6-cbb96d303399'),
('2df7d16f-629e-4098-9d0b-063cd303a497', 2, '1713121046', '$2y$10$e4OLRR.plIO8qq3nf5jwVOmWOrTPkDM78Jdrkt02ECwOJe7.UxJgm', NULL, 'AP', NULL, 'Elpriskapranadita30@gmail.com', '2020-09-19 12:10:09', 0, NULL),
('2e1baf88-2712-4fa5-8acc-11f9e95ce823', 2, '1913111028', '$2y$10$b9cWmpuiGzam7OOoCGvlouW6X5rzqpYRd4oZmo9L0yAuFmXtchTAy', NULL, 'AP', NULL, 'astrifirnia2000@gmail.com', '2020-09-20 23:38:44', 1, 'e01e1aa4-f6fc-4759-8d2b-103d2e3d7535'),
('2e3ecdb6-3069-48f3-a0d8-8c35ee93d96f', 2, '2013221011', '$2y$10$uv9opQUFTDgT8sYA8VSVo.L7jG8g7r3.vQx5kA6ij31Q2TcBd4E72', NULL, 'ILKOM', NULL, 'rochimaun21@gmail.com', '2020-09-24 01:09:16', 0, NULL),
('2e5233e8-d28c-4f4c-b155-dfa04eeab105', 2, '1813121013', '$2y$10$DLgKWREsKMY2J17FIP3ofOJuHRYyfyP2c8usVNXSLSoYmMrVZDE4C', NULL, 'AP', NULL, 'niaalfia22@gmail.com', '2020-09-23 20:55:43', 0, NULL),
('2fa47d86-a7c2-43c6-b75f-218bed1657b7', 2, '1813211022', '$2y$10$rhB3s4Qm/FFAGxzyR7z87OS82RuzLhURgdE9KVnLHpMr/.Qz18Ctm', NULL, 'ILKOM', NULL, 'atuslailyah14@gmail.com', '2020-09-21 18:05:28', 0, NULL),
('30cb90f9-d09b-4616-b0f2-02d582347d4c', 2, '1713111049', '$2y$10$Dga5AsTwbVm9Xfb62nqYL.i7xZrAxKJI.laErP0oPcPAW3LKVKrua', NULL, 'AP', NULL, 'farahala92@gmail.com', '2020-09-20 23:34:50', 0, NULL),
('30f17b1c-32be-4c9e-985d-faad92605a5f', 2, '2013111011', '$2y$10$xdLRzMi.LZFmRWzlgRCsdOz3kFK62RR562olKCbsgEr/y8NqS/vzW', NULL, 'AP', NULL, 'kikyfatimatul24@gmail.com', '2020-09-21 21:49:20', 1, 'f21522fd-9727-4e9b-97e6-cbb96d303399'),
('3173c257-1fd9-4cfa-a5d3-6cf29b12e1e8', 2, '1813111036', '$2y$10$BFqkWdZu2qMfJ/saHl0rpONJlAhaYA2fTtjx8/0et.AVIS7aoe91q', NULL, 'AP', NULL, 'nabilaslsb@gmail.com', '2020-09-21 17:43:20', 1, 'e01e1aa4-f6fc-4759-8d2b-103d2e3d7535'),
('318f5007-732b-4b68-8ac1-92c95528e71d', 2, '1813211009', '$2y$10$bnSzhc6F5LGoJdBWmQWlqeAO3iX.tUufaDSDPsFxAGPUa6OlSTL3i', NULL, 'ILKOM', NULL, 'devianoviana11@gmail.com', '2020-09-23 03:41:15', 1, 'e01e1aa4-f6fc-4759-8d2b-103d2e3d7535'),
('3212d5bb-2160-4096-8a70-2e96a6810ed3', 2, '1713221032', '$2y$10$/9FKRHkLT6hUEHDSjIW/7.4B.ecROPpaCHUayakvKUjsK55dtA.sm', NULL, 'ILKOM', NULL, 'miftakhurrahmi16@gmail.com', '2020-09-21 00:25:03', 0, NULL),
('328bdf43-4925-4d9a-a281-b1271f104302', 2, '1713121001', '$2y$10$x/6/NKdUdtZc1.1Irnx4/OQssNCLQwehSF.1VNZH.1Mbg09VZnUqG', NULL, 'AP', NULL, 'larasayuwidowati@gmail.com', '2020-09-19 12:24:16', 0, NULL),
('32eedacd-3d49-4a01-b109-2d84f049d761', 2, '1813111011', '$2y$10$YtbxW9lbDcgaqmhrYBotgeaNNx7AqAmVCh9OwccPdzW1WWz.UiSK6', NULL, 'AP', NULL, 'dinitasarii@gmail.com', '2020-09-23 20:32:26', 1, 'fc6fd6bf-1389-44cc-96d2-90c4e181bd7a'),
('32fdd1ec-afa7-440d-9e3d-d6e0db1de0da', 2, '1913111055', '$2y$10$ZO35WWHkE4ECpAlaJUu.keScHzviZsrDTZHyUl4fxA36ifQtk7H5a', NULL, 'AP', NULL, 'kartikasantirp@gmail.com', '2020-09-21 00:49:58', 1, 'e01e1aa4-f6fc-4759-8d2b-103d2e3d7535'),
('332f719f-b891-40bc-9576-49650d6814e1', 2, '1713211043', '$2y$10$JdmSfrRUHSEC.u8pJNfV8.ZxT9AfWl5keZQo.Yofs3SlofOFWk5BG', NULL, 'ILKOM', NULL, 'dwi67567@gmail.com', '2020-09-19 00:29:52', 0, NULL),
('33e42009-b5a5-4342-b2d7-e90bb3bb759c', 2, '1813221030', '$2y$10$.nfodO/0utHhD84giY81Mu5lFNrwrfMFHreP9wXnUO5lpQ..jnG02', NULL, 'ILKOM', NULL, 'haqqisyahrul@gmail.com', '2020-09-21 18:03:13', 0, NULL),
('3417cdf2-d28f-4621-82a1-51aad0ca6993', 2, '1713111082', '$2y$10$dGVjuz29SG4n.G5htn6rMOjDAagbDSNPuyRfL0NRc31jNZvS5TI/u', NULL, 'AP', NULL, 'elizanadhia22@gmail.com', '2020-09-20 15:27:39', 0, NULL),
('348d4b1b-4f31-468f-adb5-9544845019ee', 2, '1713211014', '$2y$10$Ygusf0i1WAyX60RmL.1gFej6lxmuywHO4hzL8sOyyOt/xK6hsj4GG', NULL, 'ILKOM', NULL, 'nisaaulkrm@gmail.com', '2020-09-19 00:23:13', 0, NULL),
('350185d4-da89-4e5a-a406-c88ef28cbd76', 2, '2013221037', '$2y$10$0aPgc6G.wJauv6E1Y7FnlOoVgAegodv0na20uQE7j9gjyYpqPMm/a', NULL, 'ILKOM', NULL, 'nabilafadia25@gmail.com', '2020-09-23 22:49:19', 0, NULL),
('36374b43-3819-40ce-beb5-bfd8f90e16b8', 2, '1913221008', '$2y$10$fQH4ZBmRApLGRjeD..TeL.zB4wqnLeDvqHyOtlgXp30dQtGaYPsS2', NULL, 'ILKOM', NULL, 'putraadika910@gmail.com', '2020-09-21 18:44:28', 0, NULL),
('3678c3c6-0acb-435d-be05-c46d6b6d1949', 2, '1913221048', '$2y$10$9oDdpPbK8JEvDnynLCqTnuUjDuKxchzks7LWbtuje9bY3/KBsH3NG', NULL, 'ILKOM', NULL, 'abyanarrasy08@gmail.com', '2020-09-21 18:43:08', 0, NULL),
('36909d56-0447-4ebf-b584-422be59747a1', 2, '1913111001', '$2y$10$2qf/bOlTfBX4bT8oxEYchuNMIbsEQlBIQR6Du2QUzMFYSOKbMJMOK', NULL, 'AP', NULL, 'gultomniranda@gmail.com', '2020-09-20 23:42:15', 1, 'e01e1aa4-f6fc-4759-8d2b-103d2e3d7535'),
('371d32fe-4413-4017-88ac-43b46e9cbd3d', 2, '1913221010', '$2y$10$PTn2jNXuu4EnAil8.DmzRuF8S3YKuM2bjKGk0DaxKH98cgUzo7kF.', NULL, 'ILKOM', NULL, 'adindazafirah03@gmail.com', '2020-09-21 17:40:49', 0, NULL),
('378fbe7d-a8fe-4d2e-842a-a08d427771c4', 2, '2013211005', '$2y$10$MWMkErYzvnlwbdLD1m7HreeKA4/t8RThFge7N8nc.P94T9DFiPGjq', NULL, 'ILKOM', NULL, 'thaniampd02@gmail.com', '2020-09-22 00:12:40', 1, 'fc6fd6bf-1389-44cc-96d2-90c4e181bd7a'),
('37dd58f3-b878-487c-9027-c30338bdb43e', 2, '1913211027', '$2y$10$uG0NafdXgiL/BQnV6KzPFucXlg/1fBzT5qSncnhzz4OGE67DWaXSe', NULL, 'ILKOM', NULL, 'Melyndaelnc@gmail.com', '2020-09-21 01:15:56', 0, NULL),
('37ed53ba-9aff-4cae-8b65-7089354db033', 2, '1813121030', '$2y$10$wTe9XlAHt1k9h/SEZSKtlus9BU4nJpIFobRmU73/2bbP95nCxlBhG', NULL, 'AP', NULL, 'febytyas21@gmail.com', '2020-09-23 20:59:45', 0, NULL),
('381f49d3-92d8-480a-8fde-4243f18d6981', 2, '1813211043', '$2y$10$7zlJ8rF.4LgN2IPFz42qk.Xv4aKByITrFuyvot1XMj2jv3z.che9q', NULL, 'ILKOM', NULL, 'febrianto3462@gmail.com', '2020-09-18 16:57:53', 1, 'fc6fd6bf-1389-44cc-96d2-90c4e181bd7a'),
('393c5546-86f6-4c0b-a2cf-fb7c36de3fe1', 2, '1713211052', '$2y$10$aAs0JTUkDjQAFjaOVC4uzumhzlTBu3auK50J9OYGBatpq0uNMJykS', NULL, 'ILKOM', NULL, 'dedybudistwn@gmail.com', '2020-09-19 00:21:42', 0, NULL),
('3a36e095-af3f-45f6-9204-14b1763b1aad', 2, '1913111016', '$2y$10$RBGo28MGTiuNf.c3A2P9z.sAeNH2UY1XZu4odXmmv9kY7/GXKlYVi', NULL, 'AP', NULL, 'dwiningayu22@gmail.com', '2020-09-20 23:44:31', 1, 'e01e1aa4-f6fc-4759-8d2b-103d2e3d7535'),
('3a9e9aa4-f7db-44c8-ae31-d18081d5b114', 2, '1713111060', '$2y$10$LIs/tYHpXHE76tTepFWLBess2.RujGeqTVs3wKqThwlvVvCw8ETuC', NULL, 'AP', NULL, 'puputfebriyanti1234@gmail.com', '2020-09-20 15:13:42', 0, NULL),
('3ab31863-e662-4fb9-bd34-4357c4a2a75d', 2, '2013121009', '$2y$10$xAt.NjwDT5MFR99zmc8fIu6M.3UqW9J9H2.op9xLRGP0ymio56WpS', NULL, 'AP', NULL, 'fajarrachmadian3630@gmail.com', '2020-09-21 23:44:45', 1, 'fc6fd6bf-1389-44cc-96d2-90c4e181bd7a'),
('3b4213a5-c4a2-4267-a482-d5fe1af04466', 2, '2013211010', '$2y$10$mE4iIGlkgqACUKHqXrT4EexVnm3FESTUEcmTF3gQsgysn4uNPiWSm', NULL, 'ILKOM', NULL, 'fatuljanah02@gmail.com', '2020-09-21 23:58:34', 1, 'f21522fd-9727-4e9b-97e6-cbb96d303399'),
('3b8c917d-58ad-4860-bd2b-9c2c65bec25f', 2, '1913211076', '$2y$10$NFsK2.Gy5.JgVE87ChA8o.bLNhh58fQaNWMu7M9Ll/IQxkZXLmjaC', NULL, 'ILKOM', NULL, 'erly.susetyo@gmail.com', '2020-09-21 00:47:14', 0, NULL),
('3bb6bfb3-51b7-4b6b-9169-3c043bb87375', 2, '1913111036', '$2y$10$pikQJ4IbPt4kVpWGoHdWDuKW4GV0pOdOTVtBhLXRLQE.TU37NXxyS', NULL, 'AP', NULL, 'citraafrellia00@gmail.com', '2020-09-20 23:34:10', 1, 'f21522fd-9727-4e9b-97e6-cbb96d303399'),
('3c883e2b-c988-4559-8599-82cc5847fd7e', 2, '1713211030', '$2y$10$QWmKhKJiRQJoam05TeBJN.LiePof1ZAMk3WzfhHZQ9s.HdBHdmyou', NULL, 'Ilkom', NULL, 'nafadilla99@gmail.com', '2020-09-18 22:48:24', 1, 'e01e1aa4-f6fc-4759-8d2b-103d2e3d7535'),
('3cd98a28-8747-4ac4-9ca3-6aaae81bf9e7', 2, '1913111029', '$2y$10$6kUofwjy9ECXRamKSAnmiO99DGXZTymn3DS0CgOiY2hH8OXw2gMry', NULL, 'AP', NULL, 'arylayli24@gmail.com', '2020-09-21 13:17:08', 0, NULL),
('3cdc3205-4a4d-4c56-8633-21b27c720f24', 2, '1713121010', '$2y$10$OV8brdqof5.zvB9DD0SVcOYiiV9.H8fEOObzKUMmG.iA7M0.TyiXS', NULL, 'AP', NULL, 'biilkisanisah@gmail.com', '2020-09-19 12:32:18', 0, NULL),
('3d4c8b76-0e48-499c-96bf-24eae600ed4e', 2, '1713121024', '$2y$10$0w4lJEaqtpjaSBStknpbteKtoMHFjHptFHN/L8emdMJDaEb0T7K2i', NULL, 'AP', NULL, 'Mayay35@gmail.com', '2020-09-19 12:20:34', 1, 'e01e1aa4-f6fc-4759-8d2b-103d2e3d7535'),
('3d741859-1c8e-45ca-9600-63b3d3311211', 2, '1813221031', '$2y$10$iakgcq5xcKVQ4SSb5.Iyz.Uv2uYHp1j4xzmT/KYiI7xeRUIxTOqwe', NULL, 'ILKOM', NULL, 'dindashavira02@gmail.com', '2020-09-21 18:00:36', 0, NULL),
('3dbce51d-6878-438f-95fc-1ce9b1535b91', 2, '1913111027', '$2y$10$BUSxojkTTRMPLPQFNCKUG.A7X8eSfgrHF79bRU7gfoWMyyjt2vUVO', NULL, 'AP', NULL, 'purwitagitta@gmail.com', '2020-09-20 23:38:08', 1, 'e01e1aa4-f6fc-4759-8d2b-103d2e3d7535'),
('3e64386f-3bb0-4caf-b46a-bc0af253fb30', 2, '1813221010', '$2y$10$ZTi/pkchGMB0HR5TCyNKgutPtlZPNY97HX9JkqsnOvpUTZ720ReCW', NULL, 'ILKOM', NULL, 'dewiprihatini9@gmail.com', '2020-09-21 17:57:36', 0, NULL),
('3e914a41-5706-4164-b524-1b4d96ff67c0', 2, '2013211043', '$2y$10$Vc3cw7DwCkiRJIIabu8un.AYPedJVPj6KBWgJh0M9vM02cVoNfTFC', NULL, 'ILKOM', NULL, 'muhammadriyan544@gmail.com', '2020-09-22 00:09:31', 1, 'fc6fd6bf-1389-44cc-96d2-90c4e181bd7a'),
('3e99a31e-59be-4782-bf0d-dcef51092aaa', 2, '2013211068', '$2y$10$smJlhgPSFQL3I4xw1mZZs.3dFqUWgnfAKbPOjZLReGfg0A40xaIAe', NULL, 'ILKOM', NULL, 'muhammadnaufal427@gmail.com', '2020-09-24 01:19:37', 0, NULL),
('3fa30342-b1ae-4419-a7e7-5e022956a1bb', 2, '2013221041', '$2y$10$OUh682Zb8pT0DmpadhtJOeM6f1VFYM6FAzuxg/EpDARrQZ3ZeXEp2', NULL, 'ILKOM', NULL, 'icha48088@gmail.com', '2020-09-24 00:06:53', 0, NULL),
('3fb5515f-14f8-457d-ab59-f6a4355f6ed1', 2, '1813211026', '$2y$10$5EAxJ2C7hG98fRL7jAAPwekVrs3JL/SxOQhw88VfgMllndfyfPnWK', NULL, 'ILKOM', NULL, 'deviaprilita01@gmail.com', '2020-09-23 21:12:23', 0, NULL),
('4025eaae-a8b0-4966-a08a-aabd52654c4a', 2, '1713211047', '$2y$10$aMPOywos7PIrfhNdLlm5tujp4lGoqO9fGC20v6Dm6E8Ucwn9VkYDq', NULL, 'Ilkom', NULL, 'ibanezdewa20@gmail.com', '2020-09-18 23:01:56', 1, 'e01e1aa4-f6fc-4759-8d2b-103d2e3d7535'),
('4028f4e7-db06-4b96-9581-da79c04376c2', 2, '1813111028', '$2y$10$u9pZzaUKCPzimfoyhSMvfeo9cgN3.LX.Sz.zCte.LMAIeq/KapkVO', NULL, 'AP', NULL, 'zchanizka@gmail.com', '2020-09-23 20:32:58', 1, 'fc6fd6bf-1389-44cc-96d2-90c4e181bd7a'),
('4071112c-ea94-43b1-8448-2bed08739ec2', 2, '2013111031', '$2y$10$gnz10TS5.SNXyMxiiHJntejl85S2OfAhUoZHQHvqmxGOGYHt5gMEW', NULL, 'AP', NULL, 'ferdix1337@gmail.com', '2020-09-21 22:53:46', 0, NULL),
('40b926bb-539e-4538-90dd-9ceb7b29d257', 2, '1813111058', '$2y$10$LYrUb0uQGE8XBsPWhKVr/uuHgVJrSOWEhEXi8lmlQmzv1bL84gSCe', NULL, 'AP', NULL, 'bolenk.inmail@gmail.com', '2020-09-21 17:49:58', 1, 'f21522fd-9727-4e9b-97e6-cbb96d303399'),
('40bf387b-7bc6-4254-bf41-4f341c0c59ba', 2, '1713211011', '$2y$10$oCHeGCOjYqONFu3GR4aEiuOV/pTUpAOJYE1Q3OyKeZcRBwiAKGqUm', NULL, 'ILKOM', NULL, 'intanriyant@gmail.com', '2020-09-19 00:28:00', 0, NULL),
('40ea13eb-6ca7-42bc-ac8f-c0aa8a317c83', 2, '2013221010', '$2y$10$/YVOmWOo.Bzy0Gai1FDuR.e/iYez0C25zFn6gAo7IbAMw6VudUyIO', NULL, 'ILKOM', NULL, 'agilalfatah981@gmail.com', '2020-09-24 00:08:35', 0, NULL),
('41148522-b18d-424f-8248-ffb168579fa6', 2, '2013211006', '$2y$10$QcGgDHPXM8Sa1tp9ANs9Zu/WCLKN.Njs4h8XdVjHbLYQ1ObVci5Eu', NULL, 'ILKOM', NULL, 'tiara.dpa@gmail.com', '2020-09-23 21:56:56', 1, 'f21522fd-9727-4e9b-97e6-cbb96d303399'),
('41be3cce-eb4d-4537-a47b-5f2af4dee3fc', 2, '2013121005', '$2y$10$u80aukdWsjOTKokHIFZjqOGhkfCliroxUODcSWmMLQcM.3xcW2T2G', NULL, 'AP', NULL, 'firamanda79@gmail.com', '2020-09-21 23:25:17', 1, 'e01e1aa4-f6fc-4759-8d2b-103d2e3d7535'),
('423adbd9-0f9b-4f51-ae97-662d8fe18992', 2, '1713211004', '$2y$10$g2gLlUs7PYeRHi9vILtLJuFEQGalcx.N0LgsJzcYKvysKxjzDU62u', NULL, 'ILKOM', NULL, 'j.dalton.atomic@gmail.com', '2020-09-19 00:12:28', 1, 'fc6fd6bf-1389-44cc-96d2-90c4e181bd7a'),
('42ce3826-bb07-4e22-8afc-2894011d5dfb', 2, '1913211041', '$2y$10$/nUwZWCedvyzjKZQZeP9Ru1d.BAZ02g/Ehl5pWsIDvbt6ZpE6zGo.', NULL, 'ILKOM', NULL, 'dythalia74@gmail.com', '2020-09-21 01:10:16', 1, 'fc6fd6bf-1389-44cc-96d2-90c4e181bd7a'),
('42e1e818-a623-4405-bdb8-32059ab1842b', 2, '1813121017', '$2y$10$ly3a2SNe4ZU51JGMPyIKKOgba1TnjRrb7Cyvx6pmK6sIRsUkdvVs.', NULL, 'AP', NULL, 'anggieanggraeni123@gmail.com', '2020-09-23 21:00:30', 1, 'e01e1aa4-f6fc-4759-8d2b-103d2e3d7535'),
('430bcaa7-4a73-441c-8feb-ba90b2209171', 2, '2013211049', '$2y$10$Yta2c3Px1UxIt8okbslEW.n7rGe5JVKzqBFiXFYxcJOp5cgEiUSTm', NULL, 'ILKOM', NULL, 'salsa.a100@yahoo.com', '2020-09-24 01:34:12', 0, NULL),
('43de826a-9d38-4383-b025-964727bd3837', 2, '2013211015', '$2y$10$wslUi1gM4DQUbMc/FCneYuldPKzAYnu1xIeuri4Y0x8n25.rMLZaq', NULL, 'ILKOM', NULL, 'rizkykarunias123@gmail.com', '2020-09-23 21:49:17', 0, NULL),
('44a77621-de78-4c11-95fa-84125c85978d', 2, '2013211050', '$2y$10$0rUwsskzkOH7R1yfzuRkUuF8reFxm2OtSWpjUqSdNh4Y4AGevKK0O', NULL, 'ILKOM', NULL, 'fratna060@gmail.com', '2020-09-24 01:30:58', 0, NULL),
('44afe6ba-406a-4c0c-8405-fc6135779f38', 2, '1813121025', '$2y$10$zNzgKvLM.2Q/gtGbQvPfUu4xkNzo61d.ogIKamZcsbZ4RbXtUge2.', NULL, 'AP', NULL, 'omexsugondo@gmail.com', '2020-09-23 20:53:26', 0, NULL),
('44b8d964-3d6c-4853-8d6b-2057fcd6f6f0', 2, '2013121002', '$2y$10$ymmsoUaknn6Iw5SUV.HBdutXl0pQOrrusg9Q44KBDvdny1WUmzwI.', NULL, 'AP', NULL, 'lailadella09@gmail.com', '2020-09-21 23:22:55', 1, 'e01e1aa4-f6fc-4759-8d2b-103d2e3d7535'),
('44c2c1fe-147b-4aa0-963f-58a872704c6c', 1, '1461800012', '$2y$10$szcYILqFY930tG8Y1yKjf.ZzOW9Lt/rkjuVy5uW8qAUyoYEBtqObG', 'Dedi', NULL, 'Admin', 'nva3.vaaa@gmail.com', '2020-08-31 16:03:04', 0, NULL),
('44d3eed9-33a8-4e2b-a8e4-8d95c934f056', 2, '1913221017', '$2y$10$I9RzMUvXWAETZXjIjXLS2O97rEF4yjnmHrNmQ/zD9TLlnwU5/TrBG', NULL, 'ILKOM', NULL, 'dodyfirmansa321@gmail.com', '2020-09-21 17:53:21', 0, NULL),
('452d089a-a514-4a94-b448-a042e92690aa', 2, '1913111017', '$2y$10$ftW9iLVhkhKEwhjKdJIidu3kf8OYRdLeSG4ZTvj1r1Ak3IEUQldFu', NULL, 'AP', NULL, 'finaizza851@gmail.com', '2020-09-20 23:33:34', 0, NULL),
('45466f13-ab5b-4f43-98e3-3f025267b3c0', 2, '1713121040', '$2y$10$K7Y7/2lCFe.K7eucVEQDZ.jrLIhwpt8VvRnbyVxaamixj.inJH0Vq', NULL, 'AP', NULL, 'razelmuharram@gmail.com', '2020-09-19 12:12:58', 0, NULL),
('4589e41f-8ea2-4a34-b811-ba89dc04f7cb', 2, '1913111039', '$2y$10$wUGzIf5a3Qrlip3k/N4YE.LpM1lzEkPQjw0oDh3sG.SHCCS.b/PD2', NULL, 'AP', NULL, 'defannidallas@gmail.com', '2020-09-21 12:27:54', 1, 'e01e1aa4-f6fc-4759-8d2b-103d2e3d7535'),
('4590b52e-360c-46d3-87c2-4692c3e9878a', 2, '1713111033', '$2y$10$gj3FjzAfueDhfYi23OnBj..cyfHTK4AyPq.jOn.Gp6hzseQA2D5bK', NULL, 'AP', NULL, 'dergantaraagung14@gmail.com', '2020-09-20 23:49:20', 0, NULL),
('45ac7d02-21f9-4fae-b03f-786f35e33a38', 2, '1813111033', '$2y$10$CcqZIh1MyCmzy9BjlDclUOoK7UI5hy7qsRIqgC1hvTtHThURP143m', NULL, 'AP', NULL, 'rizkyshindhani@gmail.com', '2020-09-21 17:56:59', 1, 'e01e1aa4-f6fc-4759-8d2b-103d2e3d7535'),
('468c4145-d5cb-4fe8-90b6-df28010e1e25', 2, '1713211086', '$2y$10$jxqLTTBpvtjM/08hTAl8luxz8AiHOCR.GsHlTKGRDf4S/k/kVmDj.', NULL, 'ILKOM', NULL, 'wildanfirmansyah799@gmail.com', '2020-09-24 13:10:30', 1, 'fc6fd6bf-1389-44cc-96d2-90c4e181bd7a'),
('46b48ec5-3582-4ceb-962b-89dbf48938e3', 2, '1713111017', '$2y$10$07s3bjx5UX7IZoVtCkgobOAiDeR2.skIxmw3Em4g1jvAzK8WlFpxm', NULL, 'AP', NULL, 'manoza336@gmail.com', '2020-09-20 11:00:10', 0, NULL),
('46e21bd3-5ac4-449b-98f5-f6bf7045300a', 2, '1813211006', '$2y$10$JhIS41Bb4KF5ZnSa6xTGnePcTF3AHV5/h5Op0bYdO2TCjbzqNIo/S', NULL, 'ILKOM', NULL, 'rosevita62@gmail.com', '2020-09-21 17:58:19', 0, NULL),
('4767048a-f46b-477a-8570-eca15143b3bf', 2, '2013211097', '$2y$10$kO2WcD.eZa9/oa2ml2pL8emP2CLVmZs2lGitjEfNbfk4KpemJUvr6', NULL, 'ILKOM', NULL, 'faizalirhamzah82@gmail.com', '2020-09-23 21:51:56', 1, 'fc6fd6bf-1389-44cc-96d2-90c4e181bd7a'),
('47720d41-8b3d-4418-86dc-1ca74e432f51', 2, '1913211057', '$2y$10$gCe6LEJPCrFtmL4m53Cw2uIZHs/psbt90SakJWF3QkU8yvGoQof5m', NULL, 'ILKOM', NULL, 'feristraputrii@gmail.com', '2020-09-20 23:51:01', 1, 'e01e1aa4-f6fc-4759-8d2b-103d2e3d7535'),
('47ba1c0a-7c2a-43d0-b132-41fb6f7f75b0', 2, '1713221003', '$2y$10$ahhnZzj1uFdd/CioU2x9..edxYCYhnuIFjVa2DB58ziraWmBQRPzu', NULL, 'ILKOM', NULL, 'widyalukmawatiputri507@gmail.com', '2020-09-21 00:16:04', 0, NULL),
('485043ac-6072-44f9-b3ae-83337eab58be', 2, '1713111070', '$2y$10$PmaKHXOEtgD3JGgrFjopquuPax6YkKccoTmLHN7lfsMF.ynUZ1M4q', NULL, 'AP', NULL, 'Debibinaria02@gmail.com', '2020-09-20 15:09:05', 0, NULL),
('488f60ab-dc93-4c04-8d79-3975b1ebe66c', 2, '1713221052', '$2y$10$vHQ9PEMdVOWyMM60MojRYua3IOPtTjyW9wut4qJtAVu9D508UJEcm', NULL, 'AP', NULL, 'yudiewisher@gmail.com', '2020-09-20 15:02:48', 0, NULL),
('48b67019-63a3-442d-8061-a7f22a628401', 2, '1713211083', '$2y$10$jK3ShjlFOcQr/QBhj2Rloe/nlyL7sqH728.AdFbCYC3GPub88fHW2', NULL, 'ILKOM', NULL, 'dsr7199@gmail.com', '2020-09-19 00:17:24', 1, 'e01e1aa4-f6fc-4759-8d2b-103d2e3d7535'),
('48fc2f81-b477-4db3-975d-e1af61127085', 2, '2013211066', '$2y$10$gtvjNWYkeCYfh/RrWl8ysu/VxDFVZAVshUn2YG6BY8vuPOaTwnISu', NULL, 'ILKOM', NULL, 'balqisabf231@gmail.com', '2020-09-24 01:12:47', 0, NULL),
('490b2c5d-e45b-47ad-bbb7-cbbdae9ad23f', 2, '2013211013', '$2y$10$Hkmo5BDUfv4KyBPoe3WbLesde4JQEJCASzwNQKtnIY8LSLpYdEo0y', NULL, 'ILKOM', NULL, 'grasheilafbrnw@gmail.com', '2020-09-21 23:57:06', 1, 'fc6fd6bf-1389-44cc-96d2-90c4e181bd7a'),
('49b4fc01-a9b0-4c80-8d44-81d002023cee', 2, '2013221031', '$2y$10$NUS0dikerugqk554IaK2MOS3leIlEPjp8qFnjyKUohuqVbQs3CqC2', NULL, 'ILKOM', NULL, 'alderamarcya@gmail.com', '2020-09-23 22:40:03', 0, NULL),
('4a4afdac-7996-42d6-88a0-81a8877c02b9', 2, '2013211056', '$2y$10$MEBGWtQyVM7DGp2OJrw57OIOtFILK3ksngOXpge985uBx14/G/v.C', NULL, 'ILKOM', NULL, 'yudisra21@gmail.com', '2020-09-24 01:33:42', 0, NULL),
('4a649571-c78e-4477-9b7a-4dcc6e21e355', 2, '1913211001', '$2y$10$WCb3kJwIBCCJW4fXu/U60ugkxSlDY0mVknM0wggrUK3RocgWqTM3C', NULL, 'ILKOM', NULL, 'jonosarr01@gmail.com', '2020-09-21 01:01:20', 0, NULL),
('4a9345f6-d61f-406f-ad20-1eae45bd791e', 2, '1813111067', '$2y$10$zsrcsXXKRi.Ti6Yjh6V5K.U7tny0AdSnePTQeQ7wd31ECKViof0l6', NULL, 'AP', NULL, 'lizakurniawati13@gmail.com', '2020-09-21 00:42:28', 1, 'f21522fd-9727-4e9b-97e6-cbb96d303399'),
('4aa51150-5c3a-422c-8b27-5f2fe718291f', 2, '1813111019', '$2y$10$Yb0XT5DyeGuztYp5tOFcW.qlP2ifejtvMc3a7QaNhuKas8IUB4ny.', NULL, 'AP', NULL, 'avistasputri@gmail.com', '2020-09-23 20:40:34', 1, 'f21522fd-9727-4e9b-97e6-cbb96d303399'),
('4b744db4-7f9e-40c8-b3cc-5aaee3dcad7c', 2, '1713221004', '$2y$10$lP2U0rOEZuv6b50.u6tJSOV1HZoix46dj3.lj/NVUBrK6WpPI7P1W', NULL, 'AP', NULL, 'hidayatulmasruroh57@gmail.com', '2020-09-20 23:51:56', 0, NULL),
('4bad2baf-8a1f-48a8-b505-141cc64af0cf', 2, '1713121012', '$2y$10$zEXK0E5VsbuDtuiJJiN95.15jhtiGBX9Gg4HF/7fWDHxxs/V2k0SO', NULL, 'AP', NULL, 'novellaelvira@gmail.com', '2020-09-19 12:33:17', 0, NULL),
('4c39c7cb-afbe-4fbb-afb6-6fd9bc2b9c67', 2, '2013221034', '$2y$10$w.Ujkd1IRCKLvyejietPg.AloerA9DjHR9uJ4bRZ2NRtafjAwRBX6', NULL, 'ILKOM', NULL, 'marrymarsella501@gmail.com', '2020-09-23 22:30:38', 1, 'f21522fd-9727-4e9b-97e6-cbb96d303399'),
('4cb4b529-fec6-4c54-80fe-2ad997374929', 2, '1813111050', '$2y$10$cHczPPBSIVhMpXoK0sX5g.hvwHh6IW2Dwuh5N0YZQ5rA4A3myjdKa', NULL, 'AP', NULL, 'adeoctavia15@gmail.com', '2020-09-21 00:38:05', 1, 'e01e1aa4-f6fc-4759-8d2b-103d2e3d7535'),
('4ce45cad-1c60-48b4-bdfa-d7d405bf2288', 2, '1913211024', '$2y$10$qrSNQ384AQpTHUCBdayQR.JMhgd2aZwXfn/n7it9cY6GVXusd7srK', NULL, 'ILKOM', NULL, 'Mohrezas519@gmail.com', '2020-09-21 01:09:14', 0, NULL),
('4d1742c7-8606-4be6-9df7-1e1048247d1c', 1, '1713111089', '$2y$10$151eR5LYUn43RaUtM62Dpuvqd7eGklSTlzFkoFLyVpfEx3VlYfVpC', 'Aulya isya', NULL, 'DPM', 'aulyaisyajelang@gmail.com', '2020-08-31 14:50:52', 1, 'e01e1aa4-f6fc-4759-8d2b-103d2e3d7535'),
('4d8b6c74-5b55-4c6e-bd64-2c4f133ca792', 2, '2013221022', '$2y$10$pem7vH6q.avXETtYV7TGQON0AFc8R8x.WuHxRbOGLJe300.g09J2C', NULL, 'ILKOM', NULL, 'magdalenadamai@gmail.com', '2020-09-23 22:44:37', 1, 'fc6fd6bf-1389-44cc-96d2-90c4e181bd7a'),
('4dc93c7b-2809-4876-9fdf-961079e75e13', 2, '2013211030', '$2y$10$2ovdeRN.fc9/yx75IqUUbuKTvkND1SYVEjHAAJMA34Ft0L0Cng3Ba', NULL, 'ILKOM', NULL, 'salmaadhi29@gmail.com', '2020-09-22 00:12:04', 1, 'f21522fd-9727-4e9b-97e6-cbb96d303399'),
('4df8ca20-27d7-47c0-9916-b833ce821f72', 2, '1913221043', '$2y$10$e992Y9UEyUg2bQaCaAIage/9ZJlhY1TdHjAW6j3ZqAY4Gxd2.gJb.', NULL, 'ILKOM', NULL, 'awanisade8@gmail.com', '2020-09-21 17:45:11', 0, NULL),
('4dff3b71-70ca-480a-9bde-1682e6d03385', 2, '1713211038', '$2y$10$cQNCNzHl8b2qZq3WLplSTusbOd4hsGBgZsUy1E0mOTNpzZ5w2XE8S', NULL, 'ILKOM', NULL, 'lindaretaaa@gmail.com', '2020-09-18 23:20:13', 1, 'fc6fd6bf-1389-44cc-96d2-90c4e181bd7a'),
('4f506d73-4871-4a77-bfc6-b735c7bc01f6', 2, '1913121008', '$2y$10$SdIx2LzvO.mjqieCTKedp.0jf4hzkGQfOJPBjDpAcc3kgwb7vHQBO', NULL, 'AP', NULL, 'Sabilalrasyad175@gmail.com', '2020-09-21 12:59:03', 0, NULL),
('4f624ec2-24ee-4a4a-943e-95ecf00bfa93', 2, '1913111045', '$2y$10$FcgKiMr6XxflVz2.FCDKOun84NKveGOwqGfHjUZtPF96irc30CTyC', NULL, 'AP', NULL, 'iiindriani937@gmail.com', '2020-09-21 00:51:08', 0, NULL),
('5107debd-8779-4b30-8c9b-8c4379cb3f34', 2, '1713211079', '$2y$10$ujdfs3ia0BXL/kScA2xbv.9.2/hEqzGqO6Eg1qcpVRFeAu8iUr7K2', NULL, 'ILKOM', NULL, 'crbariq@gmail.com', '2020-09-19 00:06:18', 0, NULL),
('511ed50e-ba8b-4772-8a5a-63902fe9f4ad', 2, '1913121010', '$2y$10$XQhArDDXcqleZ/y96mnMb.nFct7NYxuGWfDFAujDG8f4J.r1DGAxW', NULL, 'AP', NULL, 'ayuitamadangsariii@gmail.com', '2020-09-21 12:53:21', 0, NULL),
('51249b3e-5e8f-40f1-a2c8-07625266e309', 2, '2013121014', '$2y$10$KiaBG.hA7VplcDDgqtuiseUmg/MPNH3WNRhg3JkWbId7WqLMEELi6', NULL, 'AP', NULL, 'Alvito0502@gmail.com', '2020-09-21 23:16:02', 0, NULL),
('51397602-ce8f-43cd-b4c6-b1cc56194b92', 2, '1813121014', '$2y$10$xIUxnrunQMmVYvaCXOkXk.HitYy1sWWUPM7.6kVJoSaiA9Y8j2dm6', NULL, 'AP', NULL, 'dearpraza131@gmail.com', '2020-09-23 20:44:09', 1, 'e01e1aa4-f6fc-4759-8d2b-103d2e3d7535'),
('51812627-b68d-4b53-8dff-77501d2b9c3f', 2, '1713221041', '$2y$10$I2cynOjhG4iBPNMcxMrHnu1muxb/5DoOHoMQSwZE77HpfllKgp0wq', NULL, 'AP', NULL, 'erezanda@gmail.com', '2020-09-19 12:45:51', 0, NULL),
('51a8265c-ec0b-4e9e-8d9b-05930a55df51', 2, '1713211102', '$2y$10$UHLxgAu5LU7/ZzAkTe/5IuWqQj2.TFHfr7Urq8QCOSAvDtvNILocK', NULL, 'ILKOM', NULL, 'pandunataw@gmail.com', '2020-09-19 00:07:01', 0, NULL),
('5239743a-7525-455b-864c-d668dfbdb823', 2, '1913221001', '$2y$10$M6g7Pvxv6PA2PeDWSVvURukyQSP6qeFHe9hAmX6gI816pFQtpKOj.', NULL, 'ILKOM', NULL, 'denitri36@gmail.com', '2020-09-21 17:43:21', 1, 'f21522fd-9727-4e9b-97e6-cbb96d303399'),
('526339fd-2a1d-48ff-ba3d-e61c84eb7b6a', 2, '1913211060', '$2y$10$cxp.DRiLlnGhhyD.RWspqOOu3mdWBKnTuRM5tDvjA0tek58mM372G', NULL, 'ILKOM', NULL, 'nadiaananda2505@gmail.com', '2020-09-21 00:09:37', 0, NULL),
('52ac67fb-0e13-4e20-a4de-8af0a7480be6', 2, '1913122001', '$2y$10$f2DvcK5.hgmMQ96KY7X.FOzBtec/biMIKxMzpR0c6r1/sjORNNTRS', NULL, 'AP', NULL, 'abilqista@gmail.com', '2020-09-21 12:44:49', 0, NULL),
('52fa2f0d-253f-4cbf-bdbc-48d869b387b7', 2, '1813111017', '$2y$10$X1PKnBFrduNjSAPkJoGvVupRASkV3K/fj4hN76LL5mTmSOy79e.PG', NULL, 'AP', NULL, 'tafiawinar99@gmail.com', '2020-09-23 20:31:54', 0, NULL),
('534ee213-2881-4369-bd52-e5b7c0b8ab65', 2, '1813111044', '$2y$10$cB.IVxWHVfikW9UkvQxmKejspOGy5kQS0NfFR2vbz67KpPCw3ID76', NULL, 'AP', NULL, 'cindydevia650@gmail.com', '2020-09-21 00:39:13', 1, 'e01e1aa4-f6fc-4759-8d2b-103d2e3d7535'),
('53713028-b329-4658-8a99-894db4a70408', 2, '2013121007', '$2y$10$nEb7YN4gWu3DXf58Wcmz/epvZmcbp5azIkClSvveoRnbxNl8joUfG', NULL, 'AP', NULL, 'amalialusi31@gmail.com', '2020-09-21 23:22:14', 0, NULL),
('5415e88a-076b-4650-a53e-f147408fe8a8', 2, '2013211071', '$2y$10$Z.Na8pP7R2pBDPc1o0Ogku6yBj/jn1pCLj0H2O.sXWJtXsgTb4TYO', NULL, 'ILKOM', NULL, 'aannisafaizah@gmail.com', '2020-09-24 01:27:37', 0, NULL),
('54243a84-1e34-4893-afb0-0b23a63f35dc', 2, '1713111080', '$2y$10$e7iVGWr8S0WVLW5P5TY8POyQNsf3w60fFBoZMLxqUHGXPHJhoR8km', NULL, 'AP', NULL, 'ristyarahma44@gmail.com', '2020-09-19 00:56:13', 0, NULL),
('54a2f792-5cf8-424d-a86c-a8906bad2ec4', 2, '1913121001', '$2y$10$2Wiqx2vpbyBbG8fs31isseDYW3OpkZbFeBmW2hDjaX2NxJ8T9jFC2', NULL, 'AP', NULL, 'kharismasakinah14@gmail.com', '2020-09-21 13:07:25', 1, 'fc6fd6bf-1389-44cc-96d2-90c4e181bd7a'),
('54d57c54-fb7c-4b15-8593-cc869deb66fe', 2, '2013211035', '$2y$10$HRgWJi24uWBxjb5TVlICPOIC4Zl06xKtJE8NSQeXGlFXdkeQsvR0C', NULL, 'ILKOM', NULL, 'rafirifanda1000@gmail.com', '2020-09-23 22:04:57', 1, 'fc6fd6bf-1389-44cc-96d2-90c4e181bd7a'),
('552f3809-ed54-4f5f-81a8-39bce2245a72', 2, '2013111013', '$2y$10$kSM6ETMtpFPMcjdCMttFwOS8XhK1OcsGdptZA056u1sbYM7HE9LvS', NULL, 'AP', NULL, 'safirafirdaus.9i@gmail.com', '2020-09-21 21:52:14', 1, 'f21522fd-9727-4e9b-97e6-cbb96d303399');
INSERT INTO `tbl_user` (`id_user`, `id_role`, `nim`, `password`, `nama`, `jurusan`, `jabatan`, `email`, `terdaftar`, `status_vote`, `paslon_dipilih`) VALUES
('5541e377-cddd-4081-8bd9-bcf7262bb534', 2, '1813111014', '$2y$10$RFwX11ZtlP01DKHGf2T5XeiuRdIxCjRj82yUBqnOYJ2BMRT65XIq6', NULL, 'AP', NULL, 'nikmatuljannah098@gmail.com', '2020-09-23 20:34:31', 1, 'fc6fd6bf-1389-44cc-96d2-90c4e181bd7a'),
('5583ffcf-1a0b-4ca4-beb8-c8191c0d7915', 2, '1813211057', '$2y$10$ewdVnm5VupNVSUbKtRFTiuAXS.hhCX/CDyO2a0Cjrj1QU2ocUg0NC', NULL, 'ILKOM', NULL, 'ricomadianto@gmail.com', '2020-09-18 17:28:16', 0, NULL),
('55e635af-afe6-4e22-a012-ad0089a02e54', 2, '2013221046', '$2y$10$unqf1TtY1DCAU9XvMpZH4ODHfhxM4rLJI6c2JcICFW.lTJOK0ZI6C', NULL, 'ILKOM', NULL, 'regitacahya28@gmail.com', '2020-09-24 01:12:01', 0, NULL),
('55eb90b9-bbc5-47f6-8036-6b0ab58ca3e5', 2, '1813211013', '$2y$10$HuaqRhmeZJGedwRyaSuy6ue2RyeJCdnrG.Pb0KTXHPtlEDEMVUTVO', NULL, 'ILKOM', NULL, 'bjawaas@gmail.com', '2020-09-23 03:43:42', 0, NULL),
('55f8c343-7626-457f-b315-9acb2bd44386', 2, '1913111021', '$2y$10$sQ8iZIS3KqZm.XZNgRjucOatEcNYuqsBKfy167NYMNJJWk0rfeNtm', NULL, 'AP', NULL, 'rismaaania@gmail.com', '2020-09-20 23:29:07', 1, 'fc6fd6bf-1389-44cc-96d2-90c4e181bd7a'),
('566990e1-e646-4e3a-aacc-75dd2fde3ac5', 2, '1813121020', '$2y$10$25nofBJB13sEHm7Vhopvy.u1iVIf2b4rNNTN7jbHmHxtJRpc5mKlW', NULL, 'AP', NULL, 'erikaayus02@gmail.com', '2020-09-23 21:06:23', 0, NULL),
('568c8462-89f9-4bec-86b7-a5cef2d6b85b', 2, '1813221007', '$2y$10$IfpdZ5VjyqswbjB2uepTS.u3JcWatcfnnhxY/ymkGRqWK/yJYIqzK', NULL, 'ILKOM', NULL, 'veganatay@gmail.com', '2020-09-23 20:19:26', 0, NULL),
('5699ce57-f09d-494c-952b-4fbbf19ae888', 2, '1713111022', '$2y$10$fSI0EY/F.3fGxNj0o2XPAuS5.Lp9H21l57Y9NeROXYlsjA7KMQZZG', NULL, 'AP', NULL, 'zhazhavirliana1999@gmail.com', '2020-09-19 00:52:54', 1, 'fc6fd6bf-1389-44cc-96d2-90c4e181bd7a'),
('56c2f6d3-1599-4a93-9062-0ae3f5d1ac19', 2, '1913211059', '$2y$10$TAFullXx5W7cWxB0wzdKrOwBlf1xd2tIIr7y5Ct5RYoh0BmJO8u5K', NULL, 'ILKOM', NULL, 'bulanirvana@gmail.com', '2020-09-21 00:14:55', 1, 'fc6fd6bf-1389-44cc-96d2-90c4e181bd7a'),
('576bedb4-4025-40ee-b30e-6f12abb06eaf', 2, '1713211045', '$2y$10$51UcmyiaTooZTGny29NUuejwtsJ4740.x7TYP4srip7lknRlOw6Da', NULL, 'ILKOM', NULL, 'karamiaas@gmail.com', '2020-09-18 23:16:41', 0, NULL),
('57df3b6e-0b15-4287-ab6e-a810b0fad0f9', 2, '1813221037', '$2y$10$oVUTvetpsyxgoEWHgNpCa.9CF8IkgQuFLXUa.SFgy8NECU9aUnXa.', NULL, 'ILKOM', NULL, 'urrahman670@gmail.com', '2020-09-23 20:19:59', 0, NULL),
('5882544e-fb80-46ed-a289-eda128dbaa12', 2, '1713211060', '$2y$10$yhnxuvLXWqibP1zbmsRVc.au3cX9upy.M/fubMzdekaypgY0hiBvW', NULL, 'ILKOM', NULL, 'riskya08@gmail.com', '2020-09-18 23:46:42', 0, NULL),
('58dd0f56-98c5-44e4-99b5-10f3c20b8123', 2, '1713111076', '$2y$10$GGIE6.ifqoFP.hX0t19vPe9OAcX.3pEcGNS0aNqTxTCH61UdcrxoS', NULL, 'AP', NULL, 'abdibagus9@gmail.com', '2020-09-20 22:27:16', 0, NULL),
('58fe6b18-fd13-4804-888c-4c14117e287f', 2, '1613111033', '$2y$10$Cmyf/0ezWBm0njYackuKXOnspuYhNI1PBK.skve6cjsewlUaSAYMa', NULL, 'AP', NULL, 'suryaalfian92@gmail.com', '2020-09-23 02:34:39', 0, NULL),
('5904a5c8-4656-4804-b424-58e7ea07a67d', 2, '2013211079', '$2y$10$TACmIJbh4lum3MI5.cyDquaA5reLojrO1YaeArAuYhgnQUsLFPF/m', NULL, 'ILKOM', NULL, 'gentahogantara10@gmail.com', '2020-09-24 01:18:14', 0, NULL),
('593a3bc5-7e5c-4138-ad80-c872f838c3d7', 2, '1913111031', '$2y$10$fTUA2UXc0G4kdJfWccq9vuuLrLANcNOGRC3SmlEdpCEvDVdLHkusO', NULL, 'AP', NULL, 'sariayundarudhito@gmail.com', '2020-09-20 23:27:03', 1, 'fc6fd6bf-1389-44cc-96d2-90c4e181bd7a'),
('594ff54b-f28a-45c3-a20c-559f551cb91c', 2, '2013221016', '$2y$10$Ez0sg6HWvWMPXaTI53cxHuc8NH8F5Lkt/m8vijM8fk8ER5OPp1ATO', NULL, 'ILKOM', NULL, 'divasurya705@gmail.com', '2020-09-24 01:07:24', 0, NULL),
('598a5069-c4ff-4c68-aef0-a9b70dc69ced', 2, '1813221013', '$2y$10$bnzh7x9aoCGU3N1nB32m5ebWy.ewgo7RqUMbijl79jIQEB978vqCy', NULL, 'ILKOM', NULL, 'heldawana@gmail.com', '2020-09-21 18:02:05', 1, 'fc6fd6bf-1389-44cc-96d2-90c4e181bd7a'),
('59bf649e-2baf-49bb-b59b-c6253e1b0e57', 2, '1913221003', '$2y$10$LPIh6emKuAp2LBhw0C2Okuglqogwh6zoXWXt.M1BpGsnkTHcJUuG.', NULL, 'ILKOM', NULL, 'apriyanticantika128@gmail.com', '2020-09-21 17:42:45', 0, NULL),
('59c33a3b-d761-4713-a6b4-6ec57ce58d5f', 2, '1813211036', '$2y$10$HxxXep5ThHA6KgeVYQJyI.nWJL582QxQQez0c6aoH9n3a7UiAbWdy', NULL, 'ILKOM', NULL, 'muhammadarisoktavianto@gmail.com', '2020-09-23 21:14:05', 1, 'f21522fd-9727-4e9b-97e6-cbb96d303399'),
('59cda686-5e45-4338-b5e7-2bb4b54116a0', 2, '1913211070', '$2y$10$EqYutuvGxpEwl/lUDmwQpOty.xoQ8FgEZUhIar.MNTe9GOR68sQuy', NULL, 'ILKOM', NULL, 'vaniams277@gmail.com', '2020-09-21 00:12:30', 1, 'f21522fd-9727-4e9b-97e6-cbb96d303399'),
('5a0bbc67-a224-425c-8a6b-4b3ad7a9f00d', 2, '2013111018', '$2y$10$whay1Q87/LhG5LDKCYoDDuWzzWOm8QnjFJ48GdXnapDEsRveZd64C', NULL, 'AP', NULL, 'fatikhakamilafatikha@gmail.com', '2020-09-21 22:04:29', 1, 'f21522fd-9727-4e9b-97e6-cbb96d303399'),
('5a0be5b1-958c-485a-bc46-0b277720ba49', 2, '1913221044', '$2y$10$wFSqOuZYhBntfXMMfG/Wze6oMujqjHFP/PrKk67UsvL/MFATUiycO', NULL, 'ILKOM', NULL, 'almirapramisti.putri@gmail.com', '2020-09-21 17:37:56', 0, NULL),
('5a583845-4e2d-426e-af49-df1801827197', 2, '1813211035', '$2y$10$AYuekKhctyr1LcABkNUh1uBln.c/JY7ctJtcSrOls/gjtlpTNm1ta', NULL, 'ILKOM', NULL, 'ameliaklaresa07@gmail.com', '2020-09-23 21:15:21', 0, NULL),
('5a9c73fc-fe3a-46c7-aab8-771824728699', 2, '1713211005', '$2y$10$g9U.zwgNM47kLiRGLPAy/OvyzZy1xb0uQM0RfikP3v65j8SpFdmva', NULL, 'ILKOM', NULL, 'anggrainy13@gmail.com', '2020-09-19 00:25:00', 0, NULL),
('5aabae95-83f4-4b51-866b-c8d66bcf7de1', 2, '1913211020', '$2y$10$oDXk5E6AS5k7WUdrdYFQF.L/5YZ3Q18lKytcV9uhS2ElFaP0Ps9H6', NULL, 'ILKOM', NULL, 'cindymeidina12@gmail.com', '2020-09-21 01:04:54', 0, NULL),
('5ae86bbd-b7b5-4371-ada9-4c40a7097299', 2, '1713121008', '$2y$10$dcjyrXudYmhlriDZ82KCP.NsfowjX6yswWZByNPqHfVIujDHaa.zS', NULL, 'AP', NULL, 'natasyadj5@gmail.com', '2020-09-18 15:09:43', 0, NULL),
('5afde3d6-edf4-4a64-a814-dc90e6b42c89', 2, '1913121006', '$2y$10$2tghxA33lV7UOWjVCNaS2ei3er95SgkZ8VskwjMt68dXrpu1EJe/K', NULL, 'AP', NULL, 'cristdivakim09@gmail.com', '2020-09-21 12:43:37', 1, 'fc6fd6bf-1389-44cc-96d2-90c4e181bd7a'),
('5b037879-fc9c-4c9b-bf9b-6c9c1fc8d888', 2, '1613211015', '$2y$10$Y1Fi0gLJS.csxt7G.EtcbOX9etIh6AX9xGnVl31ipK/n58p36j4d.', NULL, 'ILKOM', NULL, 'nurindah2197@gmail.com', '2020-09-23 02:26:53', 0, NULL),
('5ba35e96-cb19-4b64-85bb-cdbc27a0c0c6', 2, '1913121028', '$2y$10$baGgHHeLif/zd3Z.2clNieGDyZyXqafasSfcPmTtOyf9nO3L.CNBu', NULL, 'AP', NULL, 'juvensantoso2@gmail.com', '2020-09-21 13:14:13', 0, NULL),
('5bc44e78-a060-4eb7-b58c-435bf8cabb4b', 2, '2013211080', '$2y$10$T9v3rxiyLf9LtWdeCjdvEO3eLn0dRZ5OGbYJcXlfKourHehZhalw.', NULL, 'ILKOM', NULL, 'aliviav27@gmail.com', '2020-09-24 01:32:30', 0, NULL),
('5c0904a8-887b-41a3-ba3c-4135cbe05794', 2, '1713221001', '$2y$10$wznSOWfP0Pi/J4jG9MLy8.cwM5fnHdzcOvbeo0qq00.y3Y5go6vim', NULL, 'AP', NULL, 'Septrizk@gmail.com', '2020-09-20 14:51:45', 0, NULL),
('5d075feb-6315-481b-935a-4b5f3089cca0', 2, '1713111012', '$2y$10$tlgxa.A/MJeN7DPz6FCx/ev7qi4NmCtAChNT8B0S9CCD7l0m8GmmG', NULL, 'AP', NULL, 'febrinatasia09@gmail.com', '2020-09-19 00:38:37', 0, NULL),
('5d52bab2-810a-43f9-8fe3-caeeebaf77f7', 2, '2013211027', '$2y$10$6wv4.txvVlGHM1mE7DNqc.SXiMus02ExzzIQYwrlh1HPvRWBx9vwi', NULL, 'ILKOM', NULL, '2sindihutahaean@gmail.com', '2020-09-22 00:07:09', 1, 'e01e1aa4-f6fc-4759-8d2b-103d2e3d7535'),
('5d855f1a-fa44-40a9-87f6-1a788a4c4f47', 2, '1813221045', '$2y$10$77BaMIklEbHz/VQ2.u5sEO4Jajt16Zqti156RXbZLMHdlNol6MbYG', NULL, 'ILKOM', NULL, 'ichsankusuma39@gmail.com', '2020-09-21 18:02:39', 0, NULL),
('5dbf1525-655d-46fe-9a08-b3d54f4ce874', 2, '1713111045', '$2y$10$5GJTvmhsSaX13OhT7ASX1.9YFkfbqELpZOPLyOpMJQwY9aSjDBWQG', NULL, 'AP', NULL, 'wanggara980@gmail.com', '2020-09-18 15:08:30', 0, NULL),
('5df00e67-dea1-419a-b763-986e52fd7b83', 2, '1713111029', '$2y$10$sX9xSxF1zK8HyEtjjh7WROPFcJTD3Hi5gXVAAONDqHFf8.5VYBKCu', NULL, 'AP', NULL, 'prisceliayolandha@gmail.com', '2020-09-19 00:32:09', 0, NULL),
('5e1750f8-ebda-4412-af7d-b0c92775cba7', 2, '1713121054', '$2y$10$ynYb7odeJkzASD3M6WbrWORSGzroXGDYIihZ4uxbZTpI7fciCc4D2', NULL, 'AP', NULL, 'liayuliasr110@gmail.com', '2020-09-18 15:25:44', 0, NULL),
('5eeac722-edd5-4f95-9221-e635118bffd5', 2, '1813121019', '$2y$10$z0yjbZJXmDm49dpv5/ZgCezLCmIgYXjQqMdd7UVw0V1pGlnXoHjOW', NULL, 'AP', NULL, 'saiydatul01@gmail.com', '2020-09-23 20:48:41', 1, 'e01e1aa4-f6fc-4759-8d2b-103d2e3d7535'),
('5ef810f3-2898-4212-8df7-b8c52c8251b3', 2, '1813221016', '$2y$10$Dg1xPkRZXKfnos8Wce1WO.vVwEbi8J/o8nVockLlBBd3Ldwq1pXW.', NULL, 'ILKOM', NULL, 'desyP65@gmail.com', '2020-09-23 20:16:13', 0, NULL),
('5f3ff2c9-6ab7-4354-b38d-73c7e5a80e55', 2, '1813121010', '$2y$10$aOfq4Sj/oGxZE97vM.lVKu6.8IhZcJ49gsti44kpmN2/OEYsHl8iy', NULL, 'AP', NULL, 'Arumaszhari18@gmail.com', '2020-09-23 20:51:38', 0, NULL),
('5f70e105-6268-4dd1-82b4-f0cdff33e2eb', 2, '1913111050', '$2y$10$jzPbJRCQq0VyrYo6dYKXLebKKh1UACq3jLqrgPyEKEBU5V1Vp.5Xm', NULL, 'AP', NULL, 'fatmaindra11@gmail.com', '2020-09-21 12:19:51', 0, NULL),
('5fd1819a-9800-4e2b-a647-3275d43cb341', 2, '2013211001', '$2y$10$0Ldj/4RhcC2JRNs2hIQey.VudvfyCwvBn/xJ67VMofRwtAYAEXopC', NULL, 'ILKOM', NULL, 'nastan99.nm@gmail.com', '2020-09-23 22:23:05', 1, 'fc6fd6bf-1389-44cc-96d2-90c4e181bd7a'),
('604e1572-6644-4043-a5c6-0e03947f7bc6', 2, '1713111073', '$2y$10$r5.leqynE5bP5rPLJVBhkOhj0jUkBV5T/.GX8Pv1hTdtqNDzSJUcW', NULL, 'AP', NULL, 'sarjurianata@gmail.com', '2020-09-18 18:01:35', 1, 'fc6fd6bf-1389-44cc-96d2-90c4e181bd7a'),
('607d0120-6800-4a53-8775-387e33da3966', 2, '2013211105', '$2y$10$H6/ejTR/j..x4Sh3E/.npe7J1.KKdocIHmxYLWnx1EppdneWPNtdq', NULL, 'ILKOM', NULL, 'irdwthndynii@gmail.com', '2020-09-23 21:52:35', 1, 'fc6fd6bf-1389-44cc-96d2-90c4e181bd7a'),
('60d0830e-ca67-485c-9b4d-227ec01af9ab', 2, '2013221021', '$2y$10$ECda5UvpE8VI6GuZfzxzbuGnAez1qwmj.4U1KlVipIFWz/whkW.A2', NULL, 'ILKOM', NULL, 'jessicaapertiwi@gmail.com', '2020-09-23 22:46:19', 1, 'e01e1aa4-f6fc-4759-8d2b-103d2e3d7535'),
('616bb429-8799-4216-b2c5-c966ed1c84c8', 2, '1913211004', '$2y$10$tm0qf6y4r6fmURmupM4AXub.hyIlonf..hVJyDSPj02v.Ak7V9Z/e', NULL, 'ILKOM', NULL, 'almandhiadivarenza@gmail.com', '2020-09-21 01:00:45', 0, NULL),
('61804944-d87f-4a3f-b228-db038bb81cc7', 2, '1913111062', '$2y$10$uif/Q6l6rlFOGCKoSzhHs.jmdCFjJynDWjZ5fckbALB1AqUtqq4KG', NULL, 'AP', NULL, 'bellatwomarcellina@gmail.com', '2020-09-21 00:49:25', 1, 'fc6fd6bf-1389-44cc-96d2-90c4e181bd7a'),
('62b5e8fa-bdb8-4d3c-8567-ece0eb148a93', 2, '1913221045', '$2y$10$4cLW5FgQjOEnNWWRP7j2ZePCHim37EYNqeGxCnsHuRYSFnjgzPghy', NULL, 'ILKOM', NULL, 'ekavalentino007@gmail.com', '2020-09-21 17:44:32', 0, NULL),
('62cf6c68-6af6-4a19-9334-d149da88c67a', 2, '1813111059', '$2y$10$nyjt2Nr4rpgP12CQTwIPH.1NK/LQ8Qls6R/P32vz8Ar9QesEUpKiO', NULL, 'AP', NULL, 'syarifahsafritri@gmail.com', '2020-09-21 17:34:08', 1, 'fc6fd6bf-1389-44cc-96d2-90c4e181bd7a'),
('632962db-64ff-418e-90b8-35c1ed9b377f', 2, '1813211046', '$2y$10$1aROCD4vvqY72pde4rpXWeREIGIm6rkjZZv18n39uOW2GIzRVANDu', NULL, 'ILKOM', NULL, 'Kelvineka44@gmail.com', '2020-09-23 20:26:01', 0, NULL),
('63e52e32-992c-40d1-a2c0-a34127d33489', 2, '1813111043', '$2y$10$kMc3IhzqwjinQ1P0lLgy4.L3P9FsXnwa16vvYcm3ABbaTt0OhxVgm', NULL, 'AP', NULL, 'dimasputra313@gmail.com', '2020-09-21 17:52:09', 0, NULL),
('647c4e06-3883-4c75-9499-d704ba2998d6', 2, '1813111021', '$2y$10$cBDChPNPK7Ib1zLJ3bOuj.q866Lo1ANeobioyNxw14TfEsb27a89i', NULL, 'AP', NULL, 'hurinnaa@gmail.com', '2020-09-23 20:38:12', 1, 'fc6fd6bf-1389-44cc-96d2-90c4e181bd7a'),
('6485e29a-509a-4d1f-b139-24810a925a61', 2, '1713111030', '$2y$10$HWNYB2Hut0E2QpPz5Fi.MO5ntFlNm6.241eESqTcz6ORxftRBw4Wq', NULL, 'AP', NULL, 'ichwanashofi777@gmail.com', '2020-09-19 01:03:18', 1, 'e01e1aa4-f6fc-4759-8d2b-103d2e3d7535'),
('65055ab1-4a87-4780-b6e2-e94e27e23498', 2, '2013211019', '$2y$10$4wGYzdxQNQJW72kOMpGiTuLBRTCgxmo3CCluj.i/2jj9gXBQUBgL2', NULL, 'ILKOM', NULL, 'aisyahnur0305@gmail.com', '2020-09-23 22:03:16', 1, 'f21522fd-9727-4e9b-97e6-cbb96d303399'),
('65ef8adc-a245-40a7-837c-5b07a33dee89', 2, '2013221032', '$2y$10$SmAItnt.emYJU5dz3AyoGuXYv9s/63zhEcXjz52GkvXphWoNSJMX6', NULL, 'ILKOM', NULL, 'hibbillahf@gmail.com', '2020-09-24 00:08:03', 1, 'e01e1aa4-f6fc-4759-8d2b-103d2e3d7535'),
('6630609e-c34c-40a2-97a3-b168bd4093cf', 2, '1813111026', '$2y$10$azGPuFBQE0Oj3o4JdcVwTujK0q.4fZi7XWrmg0gtWuauAoIROimkm', NULL, 'AP', NULL, 'salifia726@gmail.com', '2020-09-23 20:29:48', 0, NULL),
('665a1123-0fda-47d6-ac35-3fa24b2e2746', 2, '1713111009', '$2y$10$KEcM7AbGBVfop3lsEECbBO1J8FTNwkK6r7U.CA4nKgY3jCO7xFOwC', NULL, 'AP', NULL, 'elynayanti5@gmail.com', '2020-09-19 00:43:24', 0, NULL),
('66f1bc84-2b68-4a2c-a885-5a5c021158bd', 2, '1813211030', '$2y$10$z4WV28k.zltJO1cxgkC41eE8bZ4oQ9k4.YNM3whPeQ8AL85Og2goW', NULL, 'ILKOM', NULL, 'alfarizachrisviansyah@gmail.com', '2020-09-23 21:16:52', 0, NULL),
('66fbe966-3ea6-468e-9098-2b171ff27e28', 2, '1713221042', '$2y$10$DJB9EMcXdGjelin62pPu2.7Jn/vIodnSFRBHCkSFO0YuNQUSgIfEq', NULL, 'ILKOM', NULL, 'narulitafirdausi99@gmail.com', '2020-09-20 23:54:34', 0, NULL),
('67257f8e-b0a0-476c-bf69-04a8ba63fba2', 2, '1713111057', '$2y$10$TKmVgcZ6TA6rWsiRtsPIJOatBUhIgVidPlW7wkJy/M19KQuz6Iyfu', NULL, 'AP', NULL, 'erlypermatasariii@gmail.com', '2020-09-20 22:20:33', 1, 'fc6fd6bf-1389-44cc-96d2-90c4e181bd7a'),
('6729e770-ca22-49b7-a3eb-e9008a533da5', 2, '2013111003', '$2y$10$FDYLCDw1Wv9fwk/.dEpRjOu2qJawDcnAWHKvjIf6CsPCQPmNJULr.', NULL, 'AP', NULL, 'Wachidnur63@gmail.com', '2020-09-21 21:52:51', 1, 'fc6fd6bf-1389-44cc-96d2-90c4e181bd7a'),
('67491141-95a7-41bb-902a-266039f549e0', 2, '1713111051', '$2y$10$2apIzzUfYPVZiUS/mibmnehqSi7pHnqyy.avD/Dxy3kth2sLZ2gte', NULL, 'AP', NULL, 'adillakartikasiwie@gmail.com', '2020-09-19 00:58:27', 0, NULL),
('67853093-4434-4561-be42-61fdf4664375', 2, '1713111035', '$2y$10$ulz8ePOhiSQWMzghshd98O1CVNd/qGG7QtbnQcmN3l3O/Fi/ipsp6', NULL, 'AP', NULL, 'devinovitasari10041999@gmail.com', '2020-09-19 00:42:36', 0, NULL),
('678d208d-e7e9-4a8f-b6e9-7b3b2aca9361', 2, '1913111058', '$2y$10$S1vP4g8Rn3R7x3hKw18vIOEVgFJMa1TFCv4yV3WpeL9HlesQSxdvW', NULL, 'AP', NULL, 'nuzulfadillah24@gmail.com', '2020-09-21 00:56:00', 1, 'f21522fd-9727-4e9b-97e6-cbb96d303399'),
('679d18c2-23b6-41cc-b6af-2a3887368ec4', 2, '1713121043', '$2y$10$vLlIKDQM.iBn9CkAln6m7OIERnDD3dzG0e3drwMUfuqTPdWtnfZwC', NULL, 'AP', NULL, 'Meghaym407@gmail.com', '2020-09-19 12:08:47', 1, 'e01e1aa4-f6fc-4759-8d2b-103d2e3d7535'),
('67b355a4-ce12-4af3-b687-241c610e8b0e', 2, '2013111028', '$2y$10$Q2Mmkl77O2KUX2qUwiPH5OBYklBBomxZG8gn5mTb68l.5fC49nywm', NULL, 'AP', NULL, 'Anidyaputeri27@gmail.com', '2020-09-21 21:49:59', 1, 'f21522fd-9727-4e9b-97e6-cbb96d303399'),
('67d091b1-c479-4738-82ac-8b6ee932b658', 2, '1913211081', '$2y$10$QwzEgOtYYQ1sleu69BJBb.Oaa/nF1tzoIz6jw2IA8oz4xzWeK5INm', NULL, 'ILKOM', NULL, 'annisafebrypratama15@gmail.co', '2020-09-21 00:07:16', 0, NULL),
('6886883d-fe74-4662-82b1-d0adab667dc6', 2, '1913111034', '$2y$10$81Tjg5ks1tUX3KN9SuHViu26ZrMVeTAF9iO2mnne/IrBIWscVoAKG', NULL, 'AP', NULL, 'imamabdul.aziz05@gmail.com', '2020-09-18 16:06:35', 1, 'e01e1aa4-f6fc-4759-8d2b-103d2e3d7535'),
('689bc76c-b8c1-4e28-a559-b81bc7d753e7', 2, '1713211040', '$2y$10$GtoSZ7hJMgpYSapXcBl6qOH8mAYqO6clB3HjJKOAnBs8CLT0MdQty', NULL, 'ilkom', NULL, 'medytaik@gmail.com', '2020-09-18 22:42:38', 1, 'fc6fd6bf-1389-44cc-96d2-90c4e181bd7a'),
('68de5646-82e0-46a1-8206-b6ac6e987a42', 2, '2013211037', '$2y$10$RCXi7qzsfPUJ5rCdJYmTFuTijqjTTjCd4uIN7Vv8ClcaSv8JLC2u.', NULL, 'ILKOM', NULL, 'aidasafitri795@gmail.com', '2020-09-23 22:22:06', 1, 'e01e1aa4-f6fc-4759-8d2b-103d2e3d7535'),
('692de121-5aee-43f8-8a88-57594bf610ca', 2, '2013211017', '$2y$10$XMZts.z44wjlhocT0SS5L.vjyNJiBzjIX.lBEcXe8c.GFnR6BqKsO', NULL, 'ILKOM', NULL, 'salsabillahalifah02@gmail.com', '2020-09-22 00:10:38', 1, 'f21522fd-9727-4e9b-97e6-cbb96d303399'),
('6a1e2504-093c-47e0-901b-c78080810cb5', 2, '1913221013', '$2y$10$FNUe32YbwTXxaNGhPUYZH.gZEdy1at/2L4MBSaH.F/BYBJn.1FLP.', NULL, 'ILKOM', NULL, 'refofachrian@gmail.com', '2020-09-21 17:59:18', 1, 'fc6fd6bf-1389-44cc-96d2-90c4e181bd7a'),
('6a5279d7-067b-46c8-b2bf-fe797f791e60', 2, '1913211074', '$2y$10$l0IEt9l/5A2NwX8mr9ORYegvQ0A6qp3dSswZRZbgdr6KJJOhp1vNu', NULL, 'ILKOM', NULL, 'vespartgarage@gmail.com', '2020-09-21 00:48:53', 0, NULL),
('6c33cbd2-a469-49d2-a7d7-5d7dc4085292', 2, '1713221051', '$2y$10$Y8z5wdmFzNJG4fKtdk82duaevp6gGn71cCQUEMFnrRdw1DoTI0X.2', NULL, 'AP', NULL, 'carlospetrus.cp@gmail.com', '2020-09-20 15:07:31', 0, NULL),
('6c374ea2-ff22-47bd-b07b-cc46b5969f25', 2, '1713211019', '$2y$10$Hrf.6OB/2F2S7c7O1z7ga.vDLpd4ZIIg/NEX1D6MR5BtN1FU4rB96', NULL, 'ILKOM', NULL, 'ihsansamoedra@gmail.com', '2020-09-19 00:18:52', 1, 'e01e1aa4-f6fc-4759-8d2b-103d2e3d7535'),
('6c9fda29-7627-4dc4-91e7-47aa22c0876c', 2, '2013221042', '$2y$10$jWTvz//8DrdUUjBnvoU.SeMDL2/u07TCv4eps/z7VnsuY3ynG99rC', NULL, 'ILKOM', NULL, 'hendikamw@gmail.com', '2020-09-23 03:07:35', 0, NULL),
('6d01b6ad-73c6-4adc-88d5-f6ffebaa3947', 2, '1713211072', '$2y$10$OuOriq7NTyL8.NJOiQdqwe7hbhpSqZYY3EAIipz6rb9ATs7E5ZgWu', NULL, 'ILKOM', NULL, 'mohamadnurrudin1@gmail.com', '2020-09-21 00:19:38', 0, NULL),
('6d6462c3-b193-43e8-aed2-d2361afb3980', 2, '1713111040', '$2y$10$hmMubyeA/RG3WQf7Oo0VFucR8Uthxe0OlnRLULnCRHhFSNF6gB65m', NULL, 'AP', NULL, 'muhammadrafif092@gmail.com', '2020-09-18 02:26:11', 1, 'fc6fd6bf-1389-44cc-96d2-90c4e181bd7a'),
('6d84cee5-160d-465a-9d74-8918217fcaec', 2, '1713211031', '$2y$10$BPFfwDofwzOCCfFkiTdaTeLHUMRc6t1PqnjvB63NGpwvZgJm5xWp2', NULL, 'ILKOM', NULL, 'slameterianto05@gmail.com', '2020-09-19 00:13:03', 1, 'fc6fd6bf-1389-44cc-96d2-90c4e181bd7a'),
('6dad3edb-6c1c-4ba6-9d65-86c20dd1e9cb', 2, '2013221039', '$2y$10$j9Zo8sMtqzD5WSBLZoCdjuJzNj3K21ZnE.wra2t7I7HvWZV4Pl7Fe', NULL, 'ILKOM', NULL, 'marcelinodeltinholay73@gmail.com', '2020-09-24 01:08:44', 0, NULL),
('6deddb25-8da0-486b-b31d-3c97a21f4b6a', 2, '1713121041', '$2y$10$5l7ouoSURpBL6rwqh87jLeAaL2OkJsOhhjGVOXNC8TWMTJPsMSgR6', NULL, 'AP', NULL, 'yhanabellaw@gmail.com', '2020-09-19 11:48:40', 1, 'f21522fd-9727-4e9b-97e6-cbb96d303399'),
('6e98528b-ea5d-4121-8e20-87b6a4e30912', 2, '1913111006', '$2y$10$lQo59HvbHo1eZTuYcaIfjeeceg4YdaIzX9Ksr60.A6iDgXwk5tYRe', NULL, 'AP', NULL, 'ristazn15@gmail.com', '2020-09-20 23:45:57', 0, NULL),
('6e9bc784-155d-426f-a9fe-943d2579a0b0', 2, '1713221045', '$2y$10$XCXXV7oVPjKs3v0Sz9OUJei4T2J5py/43be5QWyX7luJ0oCiCrpXy', NULL, 'AP', NULL, 'dedisetyawan1994@gmail.com', '2020-09-20 15:01:05', 0, NULL),
('6edcd6d7-8581-4485-907d-0fe1b106a1d5', 2, '1913111048', '$2y$10$ahLPlJ7K3b7EgBYOYGLZLe6daqIX9vCJj7swxGwbwcZaC9rtUmoKW', NULL, 'AP', NULL, 'anisaumiyanakhorida@gmail.com', '2020-09-21 12:25:30', 1, 'fc6fd6bf-1389-44cc-96d2-90c4e181bd7a'),
('6ee77e83-f7bd-4545-86e2-cde8d5da2beb', 2, '1713111075', '$2y$10$zVB72NtlFebfBZ9geMxTBuHDhWRlrNz/.5o9GXR2Hq3WjHU3XGkeC', NULL, 'AP', NULL, 'aliviarosita31@gmail.com', '2020-09-19 12:27:21', 1, 'fc6fd6bf-1389-44cc-96d2-90c4e181bd7a'),
('709b76a0-fb4a-403c-b4f7-1b71c901837c', 2, '1913111025', '$2y$10$d1yzJ8EWl2IAK8ql2xFPu.ZXYmdXrQcg3YyIiywx4JdXNBie8IBC.', NULL, 'AP', NULL, 'lusianiputri76@gmail.com', '2020-09-20 23:32:17', 1, 'e01e1aa4-f6fc-4759-8d2b-103d2e3d7535'),
('70a5eeb8-77ae-43ca-8a4c-fee7ba761752', 2, '1913221027', '$2y$10$9hL9ypr5v7P.8kqwxUEureKFJ8xvGr4xO.xjRRwXYrIf8Zcbun2NO', NULL, 'ILKOM', NULL, 'nisrina.salsabila0105@gmail.com', '2020-09-21 17:42:08', 0, NULL),
('71194b83-3124-4f8a-aeb7-192c9d9aba6d', 2, '2013211077', '$2y$10$PmccKVvZ/akUO3YPatrEXu4x.okJWx4/AYEvDcg680bTYs4wIpG46', NULL, 'ILKOM', NULL, 'mochamadsyahrulfirmansyah@gmail.com', '2020-09-24 01:26:12', 0, NULL),
('7119b051-7b38-4485-82f4-3b044f635ca2', 2, '1913211013', '$2y$10$1MMl9.gEyla3M/WWfS1UbO16oYhj1AOEtpSaWFaT06GnYRzca7k/G', NULL, 'ILKOM', NULL, 'arjundwi7699@gmail.com', '2020-09-21 00:29:52', 1, 'e01e1aa4-f6fc-4759-8d2b-103d2e3d7535'),
('71775434-4429-489f-b5e8-e89ab793dda0', 2, '1813221034', '$2y$10$2fNfad2vrPtO/VJeWg6Ogu9PtypwmOcwZmdZOJ1xmbs51NAFhVj6K', NULL, 'ILKOM', NULL, 'Sikepbarbara@gmail.com', '2020-09-23 20:22:24', 0, NULL),
('7234ff52-371c-4471-8e85-12ebd1fe3307', 2, '2013211036', '$2y$10$Kh53NmeYpx/SXWFhHfnnS.N0kqDZprr1J2fyylGKoiC23d357OFKO', NULL, 'ILKOM', NULL, 'riana.dap19@gmail.com', '2020-09-23 21:59:57', 1, 'f21522fd-9727-4e9b-97e6-cbb96d303399'),
('7259d842-3d1e-4271-a28a-8c933d247072', 2, '1813122001', '$2y$10$q38MqZO7vRSzSQjMDzjNCuY7JixMmcRF/LnjmJSXGkE/6KXTL3xMi', NULL, 'AP', NULL, 'dindakristyanti@gmail.com', '2020-09-23 20:46:44', 0, NULL),
('727cc5eb-769b-42e9-afad-a2854842411b', 2, '1813221025', '$2y$10$kkK2odo9pBYCgG6TGFAfretwMuI1BRlQcO9znSunQJU89OcWnv93e', NULL, 'ILKOM', NULL, 'kautsenja@gmail.com', '2020-09-23 20:21:32', 0, NULL),
('73768ef7-5236-4b30-9c45-28bcbdd7d00e', 2, '1913111060', '$2y$10$exJ4cIz/LLbfvkzz9THGuuZINP5964wQyisklPdA0xgawOEp8/r9W', NULL, 'AP', NULL, 'sulthonahk6@gmail.com', '2020-09-21 12:17:07', 1, 'f21522fd-9727-4e9b-97e6-cbb96d303399'),
('73a3d5ec-1624-45ec-aed5-33de10610642', 2, '2013121013', '$2y$10$rfjTeLJxay5EsQJkW8K/WeFs96DFVMMnsfXk6Sg7wHEFg840YLKSy', NULL, 'AP', NULL, 'anisyaoktavionianisya@gmail.com', '2020-09-21 23:15:23', 1, 'e01e1aa4-f6fc-4759-8d2b-103d2e3d7535'),
('74125b22-0a67-4691-b66f-350f165be348', 2, '2013211039', '$2y$10$st.EqY6RByJQ/HgkxmnAquL2f58Cu4clFPsTZuxO3Dhi/HUcjh3Va', NULL, 'ILKOM', NULL, 'aryafir8@gmail.com', '2020-09-23 21:58:23', 1, 'f21522fd-9727-4e9b-97e6-cbb96d303399'),
('74c8acb8-6f37-4f72-8cba-b5067a6b12f8', 1, '1713211063', '$2y$10$gqvDEuZBBOZe3Y2ib7.OFO0r3lee1iCWOVbY.vCCaAt9V4gV.NKqu', 'Vanessa Bella Juliet Arianita', NULL, 'DPM', 'bellaarianita57@gmail.com', '2020-09-16 18:40:07', 1, 'fc6fd6bf-1389-44cc-96d2-90c4e181bd7a'),
('74f81543-45f2-4a8c-81f9-8ce5b2aa115d', 2, '1813121006', '$2y$10$2eAZZgpj1pWTvS2ORI7kyuS.ZPzr27Ud.t0oyHvDyIzSV5sVAPoRC', NULL, 'AP', NULL, 'alejandro.anam88@gmail.com', '2020-09-23 20:57:19', 0, NULL),
('74f81957-3ea0-46d0-9023-96b5a2f78298', 2, '1913211079', '$2y$10$5aJKPwH5j3lDBvUz01S.6e7miyQS1FvaPlNFRoaCYl9G6sfpBKe9W', NULL, 'ILKOM', NULL, 'dellashafira16403@gmail.com', '2020-09-21 00:11:29', 1, 'fc6fd6bf-1389-44cc-96d2-90c4e181bd7a'),
('75114cf0-fc1f-4607-855f-e3dc5614e9b8', 2, '2013211065', '$2y$10$9KlzBEoA7bZcnKrxKphJeO6s37KV3liugLWCTJrPkaf5nkJN4H6hq', NULL, 'ILKOM', NULL, 'Luthfijawwad100301@gmail.com', '2020-09-24 01:28:29', 0, NULL),
('7520d9d4-6a45-49de-ba3a-940111e273e1', 2, '2013221017', '$2y$10$1sIn0k96gpAH.Upg2hnfhelYJMib.XMYZ9OjzzNYdvGV2avh5hdfe', NULL, 'ILKOM', NULL, 'serenajulieta583@gmail.com', '2020-09-23 22:43:48', 0, NULL),
('752a7db4-7cf5-4c86-89a5-bf2abf658cad', 2, '1913111041', '$2y$10$vC/32u41wxunX8WHGbDT6OXNEl36ZYU0TqMxb/.JiOO.B/SZUzxz.', NULL, 'AP', NULL, 'fikri001fatchul@gmail.com', '2020-09-21 00:57:29', 1, 'fc6fd6bf-1389-44cc-96d2-90c4e181bd7a'),
('756fb368-86b8-4ea5-a55b-dadc36160ef8', 2, '1713221030', '$2y$10$LRKBSRPttbhT8JQe3mb/1u2auBOWGclgRjnX6wZ4G4cXGyA76NLR.', NULL, 'AP', NULL, 'farahbilla17@gmail.com', '2020-09-19 12:35:04', 0, NULL),
('757300a9-85ee-467f-a436-cf49ed9ed724', 2, '1713111005', '$2y$10$kMUgvEtaZhNze9VTuZhcD.epYpoCpolRxo.VU8ez7uZoIzTfvDTQC', NULL, 'AP', NULL, 'fransiscafebrianti0@gmail.com', '2020-09-19 00:41:46', 0, NULL),
('75e72671-c43d-4388-b31a-e5801b21e805', 2, '1913111008', '$2y$10$GH.tD7CsQap5zzCH8iD5r.RTR0RxJurCmURkUc210ul8JqtUDQqli', NULL, 'AP', NULL, 'kingbagus429@gmail.com', '2020-09-20 23:42:55', 1, 'fc6fd6bf-1389-44cc-96d2-90c4e181bd7a'),
('761a8f29-307f-4f0d-9d7b-be478dced347', 2, '2013111010', '$2y$10$.QFMevKBBlBOgY7jxZnD5ea5wnqkKX1gVT7ELDQ6FV0xdCKu8S.XW', NULL, 'AP', NULL, 'mimaulana89@gmail.com', '2020-09-21 22:05:52', 1, 'e01e1aa4-f6fc-4759-8d2b-103d2e3d7535'),
('7638b2d1-95b5-409d-bd27-550869bbf052', 2, '1913211039', '$2y$10$PmnhvhevJkTYLqT1o835KuLTiRQajOYkma9NZ182UkKU8QpMp8ixq', NULL, 'ILKOM', NULL, 'hikmahayu015@gmail.com', '2020-09-21 01:01:53', 0, NULL),
('76d2bcfb-039a-4071-8767-c9d983941507', 2, '1913211023', '$2y$10$BgxD62YRrOLNQCGnaqT8muWCLTufpBT8Yqh96o9Owbn7IFKZNkpyG', NULL, 'ILKOM', NULL, 'albyantof18@gmail.com', '2020-09-21 01:12:40', 0, NULL),
('7731a121-97bd-4ecd-9b34-2925bf88613f', 2, '1713211059', '$2y$10$UzesQHc7354WbfMsIXHB6uXGbWi8Q/hXqETvNbieCG.76AlbvKWwS', NULL, 'ILKOM', NULL, 'obyelsavar23@gmail.com', '2020-09-19 00:10:30', 0, NULL),
('77d0d11b-1e81-45d4-8538-c283883df8a4', 2, '1813111041', '$2y$10$xJ/NEqzkMzC.XB3ao5oaCuLNwcM4CqCThrDUs5XD5goeWIVWGGXre', NULL, 'AP', NULL, 'ryanadhi321@gmail.com', '2020-09-21 17:53:33', 1, 'e01e1aa4-f6fc-4759-8d2b-103d2e3d7535'),
('78374b22-cbe5-40da-8e6b-fa047d827195', 2, '1713221047', '$2y$10$qRE8/PhW06Etjax9Zc.Gl.LLr1cvFCAB30KE1iIOsxYYLmiJA0H3y', NULL, 'AP', NULL, 'galuhhanipriyansah@gmail.com', '2020-09-20 15:06:16', 0, NULL),
('7850ef88-a562-46aa-9778-934837b971d0', 2, '1713111001', '$2y$10$6YzimO7/ej1yipXZMYhw9.fa.6QPuT8Dc76MRLSIBT0n/bxxjylqK', NULL, 'AP', NULL, 'pramifthareinada@gmail.com', '2020-09-19 00:51:25', 0, NULL),
('789fc1c8-7c1f-46bf-a312-a6f4eb1f20ea', 2, '2013221035', '$2y$10$O.PxZZXeT73Cl8SOvmuwNOAiTYulUrXQCEL1Ji0iLe6PtI3xmkJh2', NULL, 'ILKOM', NULL, 'uswatuncn@gmail.com', '2020-09-23 22:40:49', 1, 'e01e1aa4-f6fc-4759-8d2b-103d2e3d7535'),
('79102b47-8983-485d-8115-0b1419d86808', 2, '1713111025', '$2y$10$aN77P0m.fGTCqeNVqJ1gFeoZnS2.L0/IP0B0ztE/iY.x5ISvd6.n2', NULL, 'AP', NULL, 'nurulfaliuw@gmail.com', '2020-09-19 00:44:46', 1, 'e01e1aa4-f6fc-4759-8d2b-103d2e3d7535'),
('791b77b0-958a-4b98-85f5-23380b2bfb70', 2, '1713111090', '$2y$10$fcIZ4.GwRQ59xa3g6TXPAOgbfKJTsR6T2LWcqBGFH6YMM8JRvAajS', NULL, 'AP', NULL, 'mufiafrizal@gmail.com', '2020-09-20 22:19:54', 1, 'fc6fd6bf-1389-44cc-96d2-90c4e181bd7a'),
('79c89198-3438-41f6-8235-db443d12ffa1', 2, '1713111015', '$2y$10$wnGbAea1Q6Ueqj5syWxjB.0KMsY3.nonRevYRVznLcLOs7Y2jJyw2', NULL, 'AP', NULL, 'aldyferianto37@gmail.com', '2020-09-19 00:46:17', 0, NULL),
('7a4c9ddd-f6a8-4f75-a772-9cee2627adbb', 2, '1813221003', '$2y$10$RTbtq9jRCyv7qs.5F7OZte82eTvepMpYo9WTdFLU1M69pwSD4OUuu', NULL, 'ILKOM', NULL, 'ratihkhurulfauzia98@gmail.com', '2020-09-23 20:18:49', 0, NULL),
('7a8eac10-8400-4c0b-9aba-fcf6e64c2bbb', 2, '1713211093', '$2y$10$tP812hW6TXeIScCHQqS/NupZKTQrJptQ9YeR0gjI2teaf2aL6Qf0G', NULL, 'ILKOM', NULL, 'alansukunora4@gmail.com', '2020-09-19 00:02:31', 0, NULL),
('7a9b0ffe-4950-4ade-8e68-677025f2951b', 2, '1813221036', '$2y$10$ZVWAbkGU/WcPF9imbd9rXe5jRq09cWU7t1T1WqEWPX6B1178Hw4GW', NULL, 'ILKOM', NULL, 'fitoriajung@gmail.com', '2020-09-21 18:04:52', 0, NULL),
('7af02d3b-c5cf-4f2c-8198-8747139229bd', 2, '1913211048', '$2y$10$dloEzT4HfRFnM3osXWFn3.9yCAQ2mnzdSKWvAiypK0GrniemoiSCu', NULL, 'ILKOM', NULL, 'selaady23@gmail.com', '2020-09-21 01:14:20', 1, 'e01e1aa4-f6fc-4759-8d2b-103d2e3d7535'),
('7b11499c-a9af-4860-b048-56847e2f30fb', 2, '2013211107', '$2y$10$QrvfNt3EKZQzbaTb/.XmUe9tCfanumb3PkOb6QOom1zKMHIDvl4ju', NULL, 'ILKOM', NULL, 'evabahestiqwer@gmail.com', '2020-09-24 13:21:42', 1, 'fc6fd6bf-1389-44cc-96d2-90c4e181bd7a'),
('7b1522da-0566-430b-a59c-64d012831058', 2, '2013211058', '$2y$10$eSzKrqqmhpNbWb8ibRN2feHvbz3JUi4vInLR1fpd.bFD3Z0OACmxS', NULL, 'ILKOM', NULL, 'auliaa.enuk@gmail.com', '2020-09-24 01:20:55', 0, NULL),
('7b773e8b-215f-41e7-901d-e616e399f14b', 2, '1713111020', '$2y$10$/SltQfDcjCmiZUKdxZq2SepHSBgvjraBHqEz55X5NAh6ZujQBPNJG', NULL, 'AP', NULL, 'adindasakina2609@gmail.com', '2020-09-19 00:44:05', 1, 'fc6fd6bf-1389-44cc-96d2-90c4e181bd7a'),
('7c128b57-ce3c-4df4-b4ea-d64f0dd035f3', 2, '2013211004', '$2y$10$3pGmQF8TZ.0phPQ6aW2gVea/8/WKhmbIqh4QdbiZ84ITMeqG4v58K', NULL, 'ILKOM', NULL, 'charlyta25ramadania@gmail.com', '2020-09-21 23:47:38', 1, 'fc6fd6bf-1389-44cc-96d2-90c4e181bd7a'),
('7cd8cc81-c59f-46f6-a019-cf7281047005', 2, '1913211080', '$2y$10$L2lSPY32TXdhJmgTp3RI3OMXqPB6h2Gzzz2IrDcZHKjQFV6K8jSsW', NULL, 'ILKOM', NULL, 'lutfhinurhidayat76@gmail.com', '2020-09-21 00:27:44', 0, NULL),
('7d1f3f67-aeb6-4c50-b39a-9a8ddb3bedf4', 2, '1813121018', '$2y$10$EumaUaPNHc2BKVr8yxOjSO3WWTOvWZrh7vZ70HupwofENzYInKE66', NULL, 'AP', NULL, 'tiiatiara29@gmail.com', '2020-09-23 20:50:50', 0, NULL),
('7d3bb1c0-4431-42ff-b1a9-eb6ab438de32', 2, '2013121001', '$2y$10$LuMKK4zx47pbmwadVIKOLeTQz6BskDfjLdbgPr618NAiKLo9bfqVq', NULL, 'AP', NULL, 'lovelyzavina@gmail.com', '2020-09-21 23:35:16', 1, 'e01e1aa4-f6fc-4759-8d2b-103d2e3d7535'),
('7d3d6c28-8d93-49ad-ba58-8064c5050a8a', 2, '2013211074', '$2y$10$pzc2mkeoUommR4.EVf.2qOdSpjmTkhlLfdu.dHoZEmwQnVr71kwZK', NULL, 'ILKOM', NULL, 'devita27.drs@gmail.com', '2020-09-24 01:21:39', 0, NULL),
('7d4c8d9f-72c4-4610-ae3b-cb1fe10cba91', 2, '2013211089', '$2y$10$vBfxnHVnSZYLeWPlHjbH6eb5BncT79WBGmXJ9Yuxdodl5Q0y5zWHi', NULL, 'ILKOM', NULL, 'rahmattito10@gmail.com', '2020-09-24 01:44:55', 0, NULL),
('7da68ab1-68db-48d5-ab4f-dfe45b39526d', 2, '1913211085', '$2y$10$hoYVposzg30q3UaWszBgdOI7xLhtR6cU49PgtS3wKrswDevCgNOKy', NULL, 'ILKOM', NULL, 'faizarahma2001@gmail.com', '2020-09-20 23:51:36', 0, NULL),
('7e16e8da-ca32-49cd-a214-7cb262b2b0e5', 2, '2013211003', '$2y$10$7Wu5QiJxLMa.7uVRficofeb.ta.QROaEBxxciHLnhknrO8/HHHXJy', NULL, 'ILKOM', NULL, 'alifnurhidayat82@gmail.com', '2020-09-23 22:20:54', 0, NULL),
('7eac8106-7a93-45c3-a735-b46d8e3384b1', 2, '1813121027', '$2y$10$0sIM95XSwT17cNVxLES24ujtUfwxbGgF2WzlPWxMyONrmVrF4PsNK', NULL, 'AP', NULL, 'vioaero@gmail.com', '2020-09-23 21:03:40', 0, NULL),
('7ef99dee-fa3f-45ca-81ea-72216f464358', 2, '1713111008', '$2y$10$trGqgIrTuJSBlBLmCOnKHOQMnMYQXPl9jMJJcsLqo2sMcjqHuZxWe', NULL, 'AP', NULL, 'evaferdiana252@gmail.com', '2020-09-20 23:33:56', 0, NULL),
('7ff41512-ef62-45e8-b14e-29ad1eafc9e2', 2, '1813211054', '$2y$10$DgjFawHIFjMapWpoYrdrRO/51kV4pab1L3mbO4Eedqe7D33WIWdlq', NULL, 'ILKOM', NULL, 'auliahoran31@gmail.com', '2020-09-18 14:41:15', 1, 'fc6fd6bf-1389-44cc-96d2-90c4e181bd7a'),
('80fbce01-1e52-4064-bf72-677927d61b34', 2, '1913211067', '$2y$10$1sDhTSkdmlBn7Ss.vTXheeNhYVVlbT5JNJ/w6LkFVXGsmcmOKA6YG', NULL, 'ILKOM', NULL, 'ahluljanna551@gmail.com', '2020-09-21 00:08:44', 0, NULL),
('8174d96b-ae5c-4790-ac6f-ddd2eeb0a336', 2, '1713111021', '$2y$10$BCUE5Zf/bpz5WVwU2SfSqehMo5QC1FydwKlYT2ZLcU7Sbi7v1enI.', NULL, 'AP', NULL, 'galuhnovitamawarni@gmail.com', '2020-09-20 11:06:18', 0, NULL),
('823085e7-5edf-4bcc-9453-c1d7daf46423', 2, '1913211015', '$2y$10$U6a.R3sSam1ypmYMLPsgquBGRpmzF65yIxvzPE0PCvbjKzYb2pHiK', NULL, 'ILKOM', NULL, 'ocharsjourney@gmail.com', '2020-09-21 00:58:28', 1, 'e01e1aa4-f6fc-4759-8d2b-103d2e3d7535'),
('82741f97-6863-430c-a816-0220ca9af2d8', 2, '1913221024', '$2y$10$JCzq0fJAZLoDRR/Ym0mZguJy66aUWx1SQS6rwdpiMmoAPC00TdAp2', NULL, 'ILKOM', NULL, 'agnesmorenady@gmail.com', '2020-09-21 17:31:54', 0, NULL),
('846d3364-5af4-4004-8846-43dd664a7668', 2, '2013211081', '$2y$10$K8o724fF/GQl2oVxWiP2CuxnOIL93.1t3KDU1l51pvkE0MyMgpoIa', NULL, 'ILKOM', NULL, 'imanuelletesalonika.setiawan@gmail.com', '2020-09-24 01:17:43', 0, NULL),
('865bc00d-1836-443a-8e25-687f010cac5a', 2, '1813111016', '$2y$10$Gav/44u3H1WjvYFBSIi42O9ICdCFwj1Jt8sYoxr3lTtJcN6vHRNae', NULL, 'AP', NULL, 'syhellanurftr@gmail.com', '2020-09-23 20:35:23', 1, 'fc6fd6bf-1389-44cc-96d2-90c4e181bd7a'),
('86940210-8660-4db1-a355-5750899af340', 2, '1813121021', '$2y$10$djJ37SsTsJStD74D3vCMkOuhpcnT9e2q2DPuiz23W7PU5OD4lQpxq', NULL, 'AP', NULL, 'jepveronica@gmail.com', '2020-09-23 20:43:08', 1, 'e01e1aa4-f6fc-4759-8d2b-103d2e3d7535'),
('86d14037-973f-42d5-99f6-228bd32ff32a', 2, '1913212001', '$2y$10$jKigG5ZLLq7cJ4XUXW6T4eoq3GP4aBFTef/h8CJ9/XgoY6tqnSK4G', NULL, 'ILKOM', NULL, 'iqbalkholidfauzi@gmail.com', '2020-09-21 00:16:14', 0, NULL),
('87878f01-5af5-4f8d-990a-2a9bec24b5e1', 2, '1813111023', '$2y$10$xkqKqCvcI72Vq5VNl.rdZuJR4hK/f1vie.Bu70foXX4OW4cXye03e', NULL, 'AP', NULL, 'riskaahidayati16@gmail.com', '2020-09-23 20:33:30', 1, 'f21522fd-9727-4e9b-97e6-cbb96d303399'),
('879a5c1f-acb5-47e1-bbfd-66a2877ae30c', 2, '1713221010', '$2y$10$SVQJZz/kPMzRr.e0N2RieOVct881HpgyZfFQIg44QPvPmRBv04Am2', NULL, 'ILKOM', NULL, 'silvirahmanitasari@gmail.com', '2020-09-20 23:57:04', 0, NULL),
('87ae45e0-f34e-45d2-a06a-43eaece6d45e', 2, '1813111039', '$2y$10$2CBpqouBXFnYuy55YVVGF.fvhhB/ZMpSxse1hYWHP0nOuL6US1X5q', NULL, 'AP', NULL, 'felaikayanti741@gmail.com', '2020-09-21 17:36:25', 1, 'fc6fd6bf-1389-44cc-96d2-90c4e181bd7a'),
('88c397ab-83a8-49bb-ad6d-442d10b274b5', 2, '1813121031', '$2y$10$vgM2cEjng3HsF/kokzeTneIzh0ZwkMDyZiolOzBomz8q.SGS2HVTC', NULL, 'AP', NULL, 'violaenggar@gmail.com', '2020-09-23 20:53:59', 0, NULL),
('88ead9ba-4903-45f0-b56b-efbf15f14acf', 2, '2013121004', '$2y$10$QmapA2L00NYXPBRguJQsleR/50Z46Eark2JZ9ojruCrhjjam4KdZS', NULL, 'AP', NULL, 'Muhammadamzar542@gmail.com', '2020-09-21 23:37:25', 0, NULL),
('8980011c-8620-474f-974a-eaef0c5be577', 2, '1713111097', '$2y$10$pcXrYs8EwEcBqQS1ohCwDunlYpVVmJV9FeEQHw4/0MwfCdnKbDetO', NULL, 'AP', NULL, 'ayurinda7@gmail.com', '2020-09-20 22:07:52', 0, NULL),
('8a06d56a-6332-4a91-b6eb-23dcf971bf92', 2, '1713111092', '$2y$10$foKASiGblp0EWd2I8nz8veh02YJWUq24qF2aUEwEd5uHaS7H/2V76', NULL, 'AP', NULL, 'sabilatuss16@gmail.com', '2020-09-18 17:32:29', 1, 'e01e1aa4-f6fc-4759-8d2b-103d2e3d7535'),
('8a5a63d5-4736-477b-a382-7577c51443fd', 2, '1713111062', '$2y$10$OnpUb4zmAb6rfPnyhWvjO.X2/rUloIQRPtjVsmCsTzUK5/N4dlWQO', NULL, 'AP', NULL, 'mkrismonita6@gmail.com', '2020-09-20 22:04:31', 0, NULL),
('8a6018af-4a0c-4769-a7fb-da2f14048537', 2, '2013111009', '$2y$10$qZ56guQX.JeHuHaPzeymreTiNKoQVAo6WPVKu0fz0U4XSgymjhVqy', NULL, 'AP', NULL, 'alexanderferdian12@gmail.com', '2020-09-21 22:03:33', 0, NULL),
('8acf460f-4b73-428d-8470-46ffd6c6ae86', 2, '1813121029', '$2y$10$Y0bK5wcjpD8tzsZbR15/EeLqoeZ3T.Snnu.OiWjVYmaQRJq0DfbLe', NULL, 'AP', NULL, 'ennysafira34@gmail.com', '2020-09-23 20:50:12', 0, NULL),
('8b8ae160-9a55-4f7e-84f3-514973fd4bbe', 2, '1713211046', '$2y$10$ME6HX3PYJRT58Mqyz0.YKuykmJ6.BvA/QJLbDz6v1zUpCJa5v0ONS', NULL, 'ILKOM', NULL, 'rizkykurniawanf1@gmail.com', '2020-09-21 00:23:18', 0, NULL),
('8bd57a5d-b2d6-4f74-86da-fce800770f46', 2, '1913221015', '$2y$10$JAFzc8qdSWH14wXCMMwV3eph2R4Ast8SzfVE2ETyFfBrIW.GTXezy', NULL, 'ILKOM', NULL, 'afriyanputra10@gmail.com', '2020-09-21 17:27:49', 1, 'e01e1aa4-f6fc-4759-8d2b-103d2e3d7535'),
('8c8afd9f-ba25-42a2-871f-61d74eaf9d8c', 2, '2013221003', '$2y$10$kB4c1e6Givwe2/NSpRiz4OJKUOslMs1BabZ3dahVaUyhyZePtL/Iy', NULL, 'ILKOM', NULL, 'achmadbaiyaqi@gmail.com', '2020-09-24 00:09:07', 0, NULL),
('8c98e031-e58d-4213-9708-c574b2924ee2', 2, '2013221040', '$2y$10$ScRtir3Hr3pM0hRCZFyPmO2AL2imNWHR1MCH3.TNKJ8WPZfIKR0jO', NULL, 'ILKOM', NULL, 'aisyahsalma184@gmail.com', '2020-09-24 00:55:06', 0, NULL),
('8cc66a45-b8ac-4321-82dd-ed59dab1abaf', 2, '1813111031', '$2y$10$y0k9Z7KXpudsO96c6pa9JuuKvwX1rOMiGoFwqXYcOhNxnBZQgqDB.', NULL, 'AP', NULL, 'jusmithahartin@gmail.com', '2020-09-21 17:54:25', 0, NULL),
('8dcd20e2-2d68-4d2b-af2f-0058744b672e', 2, '2013221036', '$2y$10$xn1RO4Vx093bx8TO5HtBwO1vygyPnWi0voYAhfR2m2fTMsckWcXrO', NULL, 'ILKOM', NULL, 'miftarahmah12@gmail.com', '2020-09-24 00:54:30', 0, NULL),
('8e6e3b29-da0f-40d2-98a2-6c6c0677f3a7', 2, '2013111020', '$2y$10$OniAgRuf9nP/3JSztVeTk.accgn.9bhAh09nPcyTkfFAKe23bnequ', NULL, 'AP', NULL, 'deny.ramadhani91@gmail.com', '2020-09-21 21:47:32', 0, NULL),
('8ea73395-2bde-48f8-a59a-0159464da912', 2, '1713211008', '$2y$10$JYMJjrb3CX/cFNfkyvweQe31eIhG8xspZhwA1g301ZmyEJkoDoqmy', NULL, 'Ilkom', NULL, 'ezracens22@gmail.com', '2020-09-18 22:43:34', 0, NULL),
('8f450e5d-4811-4326-9bf1-4f21bada42f6', 2, '1813111053', '$2y$10$hktxc6DIll7ktGf9WhbjSekikMuJ.uHw3De0EXTwm0tSLSdzgYLxu', NULL, 'AP', NULL, 'linmelin.my@gmail.com', '2020-09-21 00:46:21', 1, 'e01e1aa4-f6fc-4759-8d2b-103d2e3d7535'),
('8f977770-84e2-45a5-87c8-fabdd240ba2e', 2, '1913221030', '$2y$10$EIyfAuf7hflI6kjmgvMZ7OvtYVNPjoDp52DReyKaoyv2C76pskq72', NULL, 'ILKOM', NULL, 'indradwisaputra738@gmail.com', '2020-09-21 17:37:17', 0, NULL),
('8fb12c2b-3ac1-422c-aa3e-a5fb6d12b0ab', 2, '1713211112', '$2y$10$QqL0NcTqEmI1hPWhZD0d0.GoechNFKywkeUXfSWktBgtVzWPIYVTm', NULL, 'ILKOM', NULL, 'zeinmuhammad1999@gmail.com', '2020-09-19 00:15:32', 0, NULL),
('909901f4-688a-42fc-8355-51492549e8cb', 2, '1613211028', '$2y$10$pIT4/ntHVKAawsw6Ws.epeBh5FtWxpTFdPx4idUnpyvPcbDjV3N66', NULL, 'ILKOM', NULL, 'herus354@gmail.com', '2020-09-23 02:29:15', 0, NULL),
('909b6d21-330e-41fb-8843-0b21b4834a9b', 2, '1913211087', '$2y$10$Z1jM6YfvGmTI27M06HpqUOVn5h/vGPzkZFzDA/HweZX0c5JFt3OgO', NULL, 'ILKOM', NULL, 'joserizalfigo.l@gmail.com', '2020-09-21 00:45:08', 0, NULL),
('90b57b23-096f-4cf9-a028-670707bd7488', 2, '1712121023', '$2y$10$KmBGmUPEyYj8vEeZ8/vF7eRkQiO5MKDgb0WySiht9IWvuYUC8mle2', NULL, 'AP', NULL, 'erikafebry@gmail.com', '2020-09-20 23:42:41', 0, NULL),
('90d669a3-287b-4b57-9205-fd051855bc0b', 2, '2013211002', '$2y$10$UWRd/cAlclGvZ8SJf3X80.WBJV1HsovIF1J80qaBanwyFcaezLb82', NULL, 'ILKOM', NULL, 'rafidzulfiqar.rd@gmail.com', '2020-09-23 22:18:19', 1, 'fc6fd6bf-1389-44cc-96d2-90c4e181bd7a'),
('91068fc7-ac43-47d3-b059-d1792ea04b53', 2, '2013211041', '$2y$10$Gz6sQUKx2YAxZc2tdTXPKeKYGA6rxCMYa2oY5p4OPb41CzS5oa7hi', NULL, 'ILKOM', NULL, 'andreewaldo69@gmail.com', '2020-09-23 22:25:47', 0, NULL),
('910ed9a1-f43b-4ea3-b907-0d50e6e41774', 2, '1813111006', '$2y$10$N2ufDo7WbiCt7T3YMBPJDuSuIFaX/ebKks83XFqfmfaK..5Wqn9Dq', NULL, 'AP', NULL, 'trisyesinta3010@gmail.com', '2020-09-23 20:36:32', 0, NULL),
('91a6e9d7-4201-4d07-aea8-dc3cf08b84a7', 2, '2013211106', '$2y$10$jJ.2AltVYSzX/OASmiwbduoKWV7yHYZX23vyA/l2zxGOvHvLdBj2q', NULL, 'ILKOM', NULL, 'pramuditasella24@gmail.com', '2020-09-24 13:23:20', 1, 'fc6fd6bf-1389-44cc-96d2-90c4e181bd7a'),
('91ef7834-c1f5-41ef-b86e-0477c7e1e109', 2, '2013211051', '$2y$10$9f30vFfeAmIqA6HlGL463u9xh8bwjVaXlzaEGPM6Uekoiv7R.DizC', NULL, 'ILKOM', NULL, 'sabilafm026@gmail.com', '2020-09-24 01:22:29', 0, NULL),
('922ebaa4-5695-4629-8108-b482a0ab190a', 2, '1713211067', '$2y$10$UxTdYqMgNjARKy/6tGpekOm8mbLds4LvkyIjHszAtoHU5QU19tv.6', NULL, 'ILKOM', NULL, 'keanieopa@gmail.com', '2020-09-18 23:44:49', 1, 'fc6fd6bf-1389-44cc-96d2-90c4e181bd7a'),
('92310c85-a1ce-403b-923a-e1bf1772e07a', 2, '1613111068', '$2y$10$aL53SNI6WOTRlegR5oyLW.o8IIf0Y1oLyXk3Wh.Ed1vb.9lqj..9m', NULL, 'AP', NULL, 'aanaoliya96@gmail.com', '2020-09-23 02:40:38', 0, NULL),
('92689443-b43c-42f3-8555-4c5a2bba3cd0', 2, '1913211022', '$2y$10$nwvs5AIp0otQ0hs6J0sjDuK5BVcGNeMoco7tNK.THNVfP2RHwRfH6', NULL, 'ILKOM', NULL, 'fadhildana@gmail.com', '2020-09-21 01:19:13', 0, NULL),
('92b69393-8cff-4f4f-8a32-301098b2cec0', 2, '1813211037', '$2y$10$Lrvv9T0dW5pTd6GRuGFuqeJtDrAGDQlE8LCfm1.nnEX77GIbgH2.2', NULL, 'ILKOM', NULL, 'yuniarindah2206@gmail.com', '2020-09-23 20:24:58', 0, NULL),
('9306d373-261c-4700-b1d6-a2b50f81b462', 2, '1913211071', '$2y$10$m/erFP8hOuDFHmgNNVSCIOikOSzRwTPQdwuhDF8Ph2qb.dq3xXI4K', NULL, 'ILKOM', NULL, 'wildangen123@gmail.com', '2020-09-18 16:34:54', 1, 'e01e1aa4-f6fc-4759-8d2b-103d2e3d7535'),
('94543c6d-0a24-4f50-840c-8e8a4977478d', 2, '2013221015', '$2y$10$5bnDimANe7YnHlGFb7m.Uehfu.t06L5hNy79u2qcvy8.0XGEbf.Na', NULL, 'ILKOM', NULL, 'zhanaodrey23@gmail.com', '2020-09-24 00:55:57', 0, NULL),
('95105c08-0ff6-439d-8644-415ef6e10484', 2, '1713111061', '$2y$10$9YZ7cPEClyo9lYyWPI1Fzul71CNjQqhAXQPtiE/P3.W5DJKFjRbDy', NULL, 'AP', NULL, 'milazafa87@gmail.com', '2020-09-20 15:28:39', 1, 'fc6fd6bf-1389-44cc-96d2-90c4e181bd7a'),
('95562f1f-2611-4a1a-9b39-660b88118c22', 2, '1913121036', '$2y$10$ADsjmoQj2jniYnkrdRcCOuSPbJofQScnSNYZYEaLJDKB1G8TkX.3G', NULL, 'AP', NULL, 'alghozirahflirois@gmail.com', '2020-09-21 12:54:29', 0, NULL),
('958152ff-8b6e-4348-9437-8c79236e2448', 2, '1913221046', '$2y$10$z1//p5CmxHJt7.mLg24.au4zrWv8j3nVDajG6LHY8y/.3leSo0U5a', NULL, 'ILKOM', NULL, 'ronandahana02@gmail.com', '2020-09-21 17:46:23', 0, NULL),
('9581f21a-29ea-4d1e-8def-e8f3523350c4', 2, '2013211098', '$2y$10$5Zvnfoss8O6hwLR3tTERGOvNvYaKbVsMvs3QFh2RwO5vRW0gNb8fm', NULL, 'ILKOM', NULL, 'amirulhanif75@gmail.com', '2020-09-24 13:20:26', 0, NULL),
('95b7c1e7-daed-4a41-a1f2-08fd1dd323c2', 2, '1813111049', '$2y$10$COpuqdhUiE5VsDSuNSmtueBKzIgspvteDkDXOI47TMAhXDa9BWyXi', NULL, 'AP', NULL, 'ceguvara583@gmail.com', '2020-09-21 17:52:45', 0, NULL),
('95d0750f-0b3d-4391-a675-e81dd9d1ac15', 2, '1913121032', '$2y$10$54zu2GAYXVuQC/YyJxiCTuQl63PM76Fdw2n4bY0eYUPfld2jznLgy', NULL, 'AP', NULL, 'Fionita.ep@gmail.com', '2020-09-21 12:59:43', 0, NULL),
('9619213d-0c11-4e71-902f-353167750024', 2, '2013211085', '$2y$10$Nb.l9l3pX6a76TRCDhELiezqe.uvAPtSiTNMH6c6IRZ9x2R3Llq92', NULL, 'ILKOM', NULL, 'reginahoran5@gmail.com', '2020-09-24 01:31:34', 0, NULL),
('9674091c-f8b1-420d-8e5d-389eeb1c5884', 2, '1813111001', '$2y$10$BlcSOPq9smk5Sa3L4g0tn.fZmfKuwjGXBKdajacbi.i94RXg/TxNu', NULL, 'AP', NULL, 'evanyagustia248@gmail.com', '2020-09-23 20:37:02', 1, 'f21522fd-9727-4e9b-97e6-cbb96d303399'),
('96842bb1-bcba-461a-9354-e81f929af9ee', 2, '1813211015', '$2y$10$sqYQOPeHt2cvARCHVfzytOjlxxVQwdgH/88M9chKRd07KIvo0bwqm', NULL, 'ILKOM', NULL, 'rizkisetyo4@gmail.com', '2020-09-23 20:24:28', 1, 'fc6fd6bf-1389-44cc-96d2-90c4e181bd7a'),
('9750a463-0eb6-4d09-bc6d-4b49d6e568ef', 2, '1913221025', '$2y$10$1Bx5P48nsRFFu//65CdlJeI7rNnlbWPSf5PengVKb1bFN0DU48l4W', NULL, 'ILKOM', NULL, 'aqiiladaffa08@gmail.com', '2020-09-21 17:36:42', 0, NULL),
('97ddc7a6-3ddb-40d3-a0d6-7f43fbdf755e', 2, '1613221045', '$2y$10$AS5jN./K3Wemh/pvf3I0le5DkZeRhpai.FiGOhtcHi4IX46tjaSAW', NULL, 'ILKOM', NULL, 'jetodistefano1997@gmail.com', '2020-09-24 13:25:14', 1, 'fc6fd6bf-1389-44cc-96d2-90c4e181bd7a'),
('981b1282-c88b-4bec-8b89-54ca1600aa13', 2, '1913211086', '$2y$10$cueqUFSlSJ75Woi/e8ZFhOU2orbTakBDt7mGLs0Sc0M2rw69Xy9lK', NULL, 'ILKOM', NULL, 'dewialrst99@gmail.com', '2020-09-21 00:13:44', 0, NULL),
('98e98ad8-d452-4f41-9d1c-30eced4052e8', 2, '1913221042', '$2y$10$cR7WfaRkMm6SBkSnAo55YuCd1R9nxH5OlCiQEMlS9VS3CNh7ewQGq', NULL, 'ILKOM', NULL, 'dita.sasti@gmail.com', '2020-09-21 17:30:41', 0, NULL),
('99a8d6df-26fe-45a7-a9b3-c4775e0a89b0', 2, '2013211038', '$2y$10$5DTOcX1hQNxCZ8sqt1k0fer5jkYQuefqULBUHwxBLiUOzh12qI9IG', NULL, 'ILKOM', NULL, 'frmn.syah1209@gmail.com', '2020-09-23 22:17:39', 1, 'e01e1aa4-f6fc-4759-8d2b-103d2e3d7535'),
('99c8956c-65b3-4c37-a6d1-165c06dd61bc', 2, '1913121013', '$2y$10$7TZk3wBb2.n/BcIoJ9RmO.7nOZQsyKS1ZqThc03gFwZD1BuYU02MK', NULL, 'AP', NULL, 'mauviratulh@gmail.com', '2020-09-21 12:50:36', 0, NULL),
('9ba1d697-fb59-4824-8a09-691e165241a6', 2, '1913111054', '$2y$10$q1h.uOXzjUwbv5/znLa89uu8KyWn28WwgIsoRkpK97HsXnsD/DtBm', NULL, 'AP', NULL, 'lintangkusuma14@gmail.com', '2020-09-21 12:26:41', 1, 'fc6fd6bf-1389-44cc-96d2-90c4e181bd7a'),
('9c36f97a-1a6f-4e9c-966f-b47ea5cf3459', 2, '2013221023', '$2y$10$U0T3v4vmPXn.hLs4fUAq4ervW20Fd18TgmLKHSxQal3Dw5dqWU346', NULL, 'ILKOM', NULL, 'ilham.ajimaarif@icloud.com', '2020-09-23 22:33:17', 0, NULL),
('9c9eff56-9ba4-43c2-8293-6d0ca6f85bfb', 2, '2013211028', '$2y$10$MZbkrgCXEDK9cRbXs/sxquUeITPuNBdpalcD4SeIqFpTEO76r/7cm', NULL, 'ILKOM', NULL, 'lutfillahazfar1@gmail.com', '2020-09-22 00:13:21', 0, NULL),
('9cfab03d-ef89-41ce-8725-15fba1025a82', 2, '1713121014', '$2y$10$.my5VvQmRnawAYaMO.a5autsCZrY5vRJuX2L7.14tlSF1L0hFg3My', NULL, 'AP', NULL, 'ekalindaw@gmail.com', '2020-09-18 15:10:56', 0, NULL),
('9d04a1df-b684-4e45-a4fb-803566eec20c', 2, '1913211075', '$2y$10$4xVHurKZ342fjCIlsnZorOdqbLDQ7D/TzStuRomwSR84mSpvVyGwC', NULL, 'ILKOM', NULL, 'izzahpuspita123@gmail.com', '2020-09-21 00:48:20', 0, NULL),
('9d5f09ba-899f-4895-a3fc-89fb5f881953', 2, '1713211073', '$2y$10$f0q12uReNcFQhgcMHnf9o.W1hbUSfMB2U498wAdruMksoAkS9HBP.', NULL, 'ILKOM', NULL, 'faisalqori@gmail.com', '2020-09-18 23:59:34', 0, NULL),
('9dbae611-abff-4eee-ac96-60e1e43d23a0', 2, '1613211031', '$2y$10$j.TUkkOGKrg9RAZN0l5wEe4JaWDX7XZjZ0a3sI0VXCSdsUK7HXPUq', NULL, 'ILKOM', NULL, 'elmaelmo.yanti@gmail.com', '2020-09-23 02:30:43', 0, NULL),
('9dbca424-42fa-4467-88a0-dfc173aa6d2e', 2, '1813111054', '$2y$10$ASX5xlIlKamUl7.Pzxq0VOyUwi0nVM4d2dCI4OSgvf.8mGpr.e/xC', NULL, 'AP', NULL, 'adindata2@gmail.com', '2020-09-27 12:34:53', 1, 'e01e1aa4-f6fc-4759-8d2b-103d2e3d7535'),
('9efba713-0620-49cd-8a83-d25e165640a2', 2, '1713111079', '$2y$10$09Ou7oqpEXF2ZLruVv0muexwsIYdcv931fdyyPlXip6SJViDjblQO', NULL, 'AP', NULL, 'kikichanesia@gmail.com', '2020-09-20 22:29:23', 0, NULL),
('9f860f6d-2530-40f4-89d7-1650397dbcf0', 2, '2013221004', '$2y$10$T0o2wm3aNuLN9.1vn9E9/eqiH7swPDDHlp.vhkANGUS98adXfKjQ2', NULL, 'ILKOM', NULL, 'echacinantya@gmail.com', '2020-09-23 22:36:52', 0, NULL),
('9fafd684-fa73-4311-ba0c-eb39825f02f8', 2, '1813211031', '$2y$10$xbkMFFm24Dt8yZszX0JCX.f99Za7VqOcQVLCaPPjtD5rMvgCKCXuy', NULL, 'ILKOM', NULL, 'anandadiffa24@gmail.com', '2020-09-23 20:18:04', 0, NULL),
('9fb8c082-ad79-4908-ab87-17881d0fcdd7', 2, '1713211026', '$2y$10$UWMScLCL6dofYZCvDhzHSeuwu31ayWW9fCBkJh9NmD1rj3HTJ07NG', NULL, 'ILKOM', NULL, 'setia.andry13@gmail.com', '2020-09-19 00:14:16', 1, 'e01e1aa4-f6fc-4759-8d2b-103d2e3d7535'),
('a0797f29-487b-471b-9cb9-32e3261c50da', 2, '2013121008', '$2y$10$sB46yt/MekxIO1asPqRvT.GpigZlIL1P1x7shmB6/XKQXAnna0nK.', NULL, 'AP', NULL, 'dityamaulana57@gmail.com', '2020-09-21 23:38:27', 1, 'fc6fd6bf-1389-44cc-96d2-90c4e181bd7a'),
('a0bce8ba-0ca8-4b9b-80d8-ec2a1fcc088f', 2, '1913111023', '$2y$10$Nl.tsjGIWT5aoJVX1u0TyuRCm1bCClsQtw1svSFdxT93AnFYQT15.', NULL, 'AP', NULL, 'ratihindrianingsih20@gmail.com', '2020-09-20 23:43:35', 1, 'f21522fd-9727-4e9b-97e6-cbb96d303399'),
('a135178f-fa71-4cc0-8948-564af1ebd314', 2, '1813111012', '$2y$10$lyoxH.cPQO4J3/pO6iN9cuqRhW.dwI/bVDoWx2Ai2WvPAVPnUySFy', NULL, 'AP', NULL, 'arnetaadiia@gmail.com', '2020-09-18 17:22:46', 1, 'fc6fd6bf-1389-44cc-96d2-90c4e181bd7a'),
('a13eae63-4ede-4efd-83f2-014b38811af7', 2, '2013111030', '$2y$10$wa5Cb969qyFcYj2MjDfRfOljUMiTYHOSk3Sa1Nou287C3jW08cyri', NULL, 'AP', NULL, 'ryanatayoga7@gmail.com', '2020-09-21 23:00:48', 0, NULL),
('a16b161a-9eef-4bcc-a036-b8684888bd67', 2, '1913211069', '$2y$10$byb/n9FTTYP7XRfPW1matedTVfB0nE4M9A5ekKSupqsCib6EyBS5y', NULL, 'ILKOM', NULL, 'zahrayl1807@gmail.com', '2020-09-21 00:37:41', 0, NULL),
('a2046a37-b52c-462b-b2a3-6fd4d01c45df', 2, '2013111023', '$2y$10$NQbjMce8m5613L88o.oN4uGIFbRixw0K9VcNXCVtI0n1daRVRVVaO', NULL, 'AP', NULL, 'rengganispdewanti@icloud.com', '2020-09-21 22:47:22', 1, 'f21522fd-9727-4e9b-97e6-cbb96d303399'),
('a239568a-9682-4cc5-ad18-a0142ec65e91', 2, '1713121011', '$2y$10$/NNc2CUzgLQc5E.Qjwl6D.yPXcDCHj0bMZbpltpo9O4uPGB2WT53q', NULL, 'AP', NULL, 'arindarosita19@gmail.com', '2020-09-19 12:31:26', 0, NULL),
('a24d36fd-48dc-4253-aca2-b70d105ff9f6', 2, '1813211101', '$2y$10$/w8jE5B9EtfrCKW1AQ0ca.GtUAa4AV1dcrWZxhHnif6Rup5IGqYai', NULL, 'ILKOM', NULL, 'puteraexcel@gmail.com', '2020-09-23 21:14:38', 0, NULL),
('a2cf0087-6de8-4196-8694-2d99cc192bbe', 2, '1913221004', '$2y$10$aWJefELQJXDTmpY53GPC/OLj3p.wvQHNZeJ.99gGDZZ.v3Vt1lwb2', NULL, 'ILKOM', NULL, 'herjunobruno8@gmail.com', '2020-09-21 17:39:46', 0, NULL),
('a309dc68-e991-400d-9b55-a9e17aa4b950', 2, '1913121025', '$2y$10$glqyJrFB6fIyItN4cXGC3OqIsnUDRtmX0O5RkLkdLd2CSPmmfbIVu', NULL, 'AP', NULL, 'firtaemilia@gmail.com', '2020-09-18 18:08:40', 1, 'f21522fd-9727-4e9b-97e6-cbb96d303399'),
('a4847d26-f18b-4b26-92e3-697b56254039', 2, '1713121015', '$2y$10$yWCxUr9YDf8x5MP0iCELBuMPhQ/mnY3oCgKhvEzIwUqDGBCu8C4ZS', NULL, 'AP', NULL, 'aruianila@gmail.com', '2020-09-18 15:12:02', 0, NULL),
('a4df53fa-7c27-4e72-8459-a71b8f3e19fd', 2, '2013211033', '$2y$10$Yj6n3vhLCzC9wFvLitafre/FFCMAS8HPkSoYd.K47FU7p9GZcni9y', NULL, 'ILKOM', NULL, 'sashameydi24@gmail.com', '2020-09-23 21:56:13', 1, 'e01e1aa4-f6fc-4759-8d2b-103d2e3d7535'),
('a5012601-2ee0-4d7e-82ae-ff599c03aeea', 2, '2013211078', '$2y$10$FzZVu6bXhKgMz1JDf6.4qONuzWlilZii4WBhNkI.mclBLqnUrY9/.', NULL, 'ILKOM', NULL, 'bandhika413@gmail.com', '2020-09-24 01:14:58', 0, NULL),
('a5a2eea5-803a-48c2-ba78-ce138fd47b30', 2, '1713221005', '$2y$10$R6FE5UelM681v8PwXyZy.eah9AXkWJh1hW14.8XK6oL/IMG4mWrVm', NULL, 'AP', NULL, 'bagusanindya@gmail.com', '2020-09-19 13:15:58', 0, NULL),
('a5c6dbdd-8d8b-467b-8f9b-17a8eb1aff8a', 2, '1913221006', '$2y$10$bnKso4yJf9pwIpPSQEwODOHNeIHKI2MVqUgiWw5MCJuW1tclctrmq', NULL, 'ILKOM', NULL, 'putrina14@gmail.com', '2020-09-21 17:30:01', 0, NULL),
('a628d910-ca51-44c6-9dd9-a5ea22eae6f7', 2, '1913121005', '$2y$10$dMnWznK2Raff5IyCbrWWP.Tj2YNeDLULScIDCk.NRPbJ00XzHxSRu', NULL, 'AP', NULL, 'anggraiwatimr25@gmail.com', '2020-09-21 13:11:11', 0, NULL),
('a6692681-43e3-480b-8bf4-9c138b68820a', 2, '1813111027', '$2y$10$K.yJcRE0rml6MJr1gHFjM.T.2W7Fm.BFPM7JxT7HiKERFxg9AeTqa', NULL, 'AP', NULL, 'arindavivi@gmail.com', '2020-09-23 20:33:59', 1, 'f21522fd-9727-4e9b-97e6-cbb96d303399'),
('a7c2eed9-baf0-4259-ae17-3a46c77d9638', 2, '1913111003', '$2y$10$8RiDWsV.YmRdwX88BhlvSugK.6EvEJbzFC8vVJhigmG7cgxMwbhRe', NULL, 'AP', NULL, 'adetory4@gmail.com', '2020-09-20 23:47:48', 1, 'fc6fd6bf-1389-44cc-96d2-90c4e181bd7a'),
('a7f27904-642c-4887-b7d8-79e4da62ab8d', 2, '1713111011', '$2y$10$uVtv4XSqLHu/SdaVxhEhd.53vY4M8tF9DI.wfLZpCszTPRmwlsNIS', NULL, 'AP', NULL, 'amelianera3@gmail.com', '2020-09-19 00:53:34', 1, 'f21522fd-9727-4e9b-97e6-cbb96d303399'),
('a894f1dd-d193-4d80-8724-118942ec91de', 2, '183211059', '$2y$10$y7wd4.Msd1BzUcH3iwj2JuUof7TeLT.IDI.ksiXnROpyWJkoR0kdO', NULL, 'ilkom', NULL, 'yordanivan20@gmail.com', '2020-09-18 16:42:58', 1, 'f21522fd-9727-4e9b-97e6-cbb96d303399'),
('a8ce6d60-d529-469d-9956-2399d8ce9f20', 2, '1913111040', '$2y$10$KZ2H6RaP5Ni4gXR9uwOgIen6TrnAkcThXe/AQ5VbmVhr/qW7FIDqq', NULL, 'AP', NULL, 'fitriavirda46@gmail.com', '2020-09-21 12:34:02', 1, 'f21522fd-9727-4e9b-97e6-cbb96d303399'),
('a964cece-fd25-477f-8cb0-abb8d62cd646', 2, '2013211073', '$2y$10$zsp7o9n.B1t73pZmTH/vLOJdQSDjuLMiuM2QwP18ITa/oT3a2Ct7W', NULL, 'ILKOM', NULL, 'wisamarafi@gmail.com', '2020-09-24 01:42:52', 0, NULL),
('a96769de-492d-45e8-aabf-dd49b045e214', 2, '1813111013', '$2y$10$qkyrzLGs7JQZqe/El09HTuBztbbL8SkscxvG88LqTvszmo.tvwwF6', NULL, 'AP', NULL, 'rulitafebryanti22@gmail.com', '2020-09-18 18:11:55', 1, 'fc6fd6bf-1389-44cc-96d2-90c4e181bd7a'),
('a9c973c0-19cf-4aae-86d2-4f133f7926bc', 2, '2013211014', '$2y$10$WUPQWWyQ4QpWwU2xR6JeOuKi6QcqC/g2wSn5G17aZqtl/hit7X2Ze', NULL, 'ILKOM', NULL, 'moh.alfian.b.a@gmail.com', '2020-09-27 20:38:42', 1, 'e01e1aa4-f6fc-4759-8d2b-103d2e3d7535'),
('a9d58d2e-01d7-464b-a9ca-86aec7c47fa2', 2, '1713211028', '$2y$10$mb2fHxW1U90qlFKpFZ/.iei1Vyv4U6LQOtb6uyh7mNrjV2G1JEP8a', NULL, 'ilkom', NULL, 'swagboyaji@gmail.com', '2020-09-18 22:39:47', 0, NULL),
('aa1ce8cb-3696-4d4b-8535-d6e8634b55a0', 2, '1913221037', '$2y$10$nPTofoeGUkAbiuRTzIpZxeCT9wm9EuloYjkmF6sCWBzR1JP42ILVW', NULL, 'ILKOM', NULL, 'yosiasforjob02@gmail.com', '2020-09-21 17:43:57', 1, 'fc6fd6bf-1389-44cc-96d2-90c4e181bd7a'),
('aae1c8f2-466d-4a98-bf31-f55f71293bb0', 2, '1713211090', '$2y$10$i9hr/Ht/NhDs8fKoog2awuYPDEGeC49/saeeswBWszS7hhZBqaGbe', NULL, 'ILKOM', NULL, 'aanzenny@gmail.com', '2020-09-19 00:03:15', 0, NULL),
('ab54a578-92dc-460c-ba06-32939cb74186', 2, '1913121041', '$2y$10$Cf9I2BWEwdAh6CJDgF8Oke6E068FxAnmkPzRF6GBmsVu1J/uU/FHG', NULL, 'AP', NULL, 'dianaeka0899@gmail.com', '2020-09-21 13:05:53', 0, NULL);
INSERT INTO `tbl_user` (`id_user`, `id_role`, `nim`, `password`, `nama`, `jurusan`, `jabatan`, `email`, `terdaftar`, `status_vote`, `paslon_dipilih`) VALUES
('abed26d0-fe69-49ae-8045-cedb31fe8584', 2, '1913211095', '$2y$10$SG6D/hYHYU3d9gUq5UGM2OufRFbLsxcp4i9syOKc0tbS9XH/I8NM6', NULL, 'ILKOM', NULL, 'islamiagustika@gmail.com', '2020-09-21 00:07:51', 0, NULL),
('ac13e140-b0be-487f-b99b-820823b39873', 2, '2013211016', '$2y$10$bI6bImc7rX/B0GLdJrOeN.4/ZDzRYX7mllgl/4BRuB4uCwyObVtH.', NULL, 'ILKOM', NULL, 'Aliciamarisaaa@gmail.com', '2020-09-23 22:26:27', 0, NULL),
('ad7d06eb-31e9-4528-9847-9a992b6125ea', 2, '2013211048', '$2y$10$AmkV.knbJTLqchXGUxUBqudlQooiyUjoeDm7JgeYvu3oPt.BoVsvW', NULL, 'ILKOM', NULL, 'keziacaca54@gmail.com', '2020-09-24 01:18:56', 0, NULL),
('add2d929-1131-46e5-8564-82347b800f92', 2, '1913111051', '$2y$10$rBM29eU5sYtutyg9q6/x7ekhBjfYZxsH/MOKWYbBwVPhJ0thB5py2', NULL, 'AP', NULL, 'poppyzalzabilla1538@gmail.com', '2020-09-21 12:16:18', 1, 'fc6fd6bf-1389-44cc-96d2-90c4e181bd7a'),
('ae2894bc-c2de-4919-8960-9e8492aca284', 2, '1913221005', '$2y$10$dynmKVhFHS791Y/EB1.7POp1uc32jncQsuF2GvIPHGBDM5CCC/Q4e', NULL, 'ILKOM', NULL, 'agnesirdasaharany2908@gmail.com', '2020-09-21 17:41:27', 0, NULL),
('ae4fa775-d721-4e76-8fc3-d238a1630d23', 2, '1813111064', '$2y$10$evmuBcrG0/6sUxdgZJKfee9fw18G.TqyW7Y6jtAj0WEBPbU1JgnI.', NULL, 'AP', NULL, 'inajuarsonia@gmail.com', '2020-09-21 17:37:17', 1, 'e01e1aa4-f6fc-4759-8d2b-103d2e3d7535'),
('ae6c0793-1d7e-440c-b416-d7bb5eb13809', 2, '1913211054', '$2y$10$.9kwrio.SYVi9ILg1b.Ln.GmkvmkxQReC848fnbDwfVr8ke0CY7uu', NULL, 'ILKOM', NULL, 'innikesukma34857@gmail.com', '2020-09-20 23:50:14', 1, 'e01e1aa4-f6fc-4759-8d2b-103d2e3d7535'),
('af17810b-1d76-478c-9d34-bca2a1a1f1b7', 2, '1813111002', '$2y$10$8lqs3JpTSFc7oYQR2zNOOuzcAdCWuzssv7X8nRpp1YhzYoSvJoPNW', NULL, 'AP', NULL, 'rizqitadimas@gmail.com', '2020-09-23 20:37:42', 0, NULL),
('af549610-6d3e-4608-afe1-0f1cb5ab14a3', 2, '2013121003', '$2y$10$gipGNUMR/JVsV2Fsj8aLT.W9yNYoWcaFSI4SntJMQsPCT7X1xX2xe', NULL, 'AP', NULL, 'bachmidfijai@gmail.com', '2020-09-21 23:39:05', 0, NULL),
('b04024dc-985d-4d37-a9b5-d059ad284579', 2, '1813221055', '$2y$10$/zhdQBLMrHT5oAmLBtETo.EB5brH/ovnfskt5j6vGi.tJpxZU7jpS', NULL, 'ILKOM', NULL, 'Windaff90@gmail.com', '2020-09-23 20:22:59', 0, NULL),
('b0881106-879e-467f-9b04-a9506c3562a8', 2, '2013221044', '$2y$10$oeAHkTvaOF2FIlp9oo7V..ZoY6NBWl5K5tNpkIfWRvRCoOJk/ZkLO', NULL, 'ILKOM', NULL, 'anggikurnia47@gmail.com', '2020-09-24 01:11:23', 0, NULL),
('b1586e7f-9d16-40d6-8efd-db0d0e21fba2', 2, '2013111016', '$2y$10$oTzSRLgS4kC5OAStvyybDeidRlf6M6/syXbkXeF2sYax0MWy.1FUu', NULL, 'AP', NULL, 'kharinkirana274@gmail.com', '2020-09-21 21:48:44', 1, 'fc6fd6bf-1389-44cc-96d2-90c4e181bd7a'),
('b17c5020-1808-4bd5-bdcc-91548321994a', 2, '2013221045', '$2y$10$NMV9vx3XmhWqH5Uflv34ROd.78Sim3jGY3k9Xd1m4GAqDhevu56XC', NULL, 'ILKOM', NULL, 'fullharis.18@gmail.com', '2020-09-24 01:09:48', 0, NULL),
('b180ba3a-2e60-430b-af9c-46117d9e4f6e', 2, '1813111007', '$2y$10$bHF3kpLkbhJhv8.aOwZHNO4LFJ9xqrsBwzTLkiutirYycMPMzkpwq', NULL, 'AP', NULL, 'RIZKYARIFM5758@GMAIL.COM', '2020-09-23 20:39:16', 1, 'e01e1aa4-f6fc-4759-8d2b-103d2e3d7535'),
('b1a01901-0704-4b7a-b407-3be8bf767395', 2, '1713121027', '$2y$10$tMYNRAaVU2a9j2jY5EeRRuooHHb0FIbJDdKB80dcCYGiHG4T47N2e', NULL, 'AP', NULL, 'Rotulagus5@gmail.com', '2020-09-19 11:59:39', 0, NULL),
('b20fae3a-a573-4918-b503-1f69b43abb4e', 2, '1913111056', '$2y$10$WHUXOgtu/9hXMkS7UOpkhObEi1pmpCdJ7Xs7u4oP8/IfL90hIJAOW', NULL, 'AP', NULL, 'ade.risky540@gmail.com', '2020-09-21 00:55:27', 0, NULL),
('b23a6fc4-44fc-441a-abbe-ad012bc56cfd', 2, '1913211044', '$2y$10$z5fn1kJuRpphPi5fo7aeG.8xWOJLc.vUGyowXKdHMoCJPrySldacG', NULL, 'ILKOM', NULL, 'oktaviaa1256@gmail.com', '2020-09-21 01:18:37', 0, NULL),
('b2c631a5-f18f-4e55-98a7-943a9f0dbb62', 2, '1913221033', '$2y$10$PpEewB4LDSpCnnECNBt/Ye.nOuZjdMv3fXwIh/h64RM9sXgnZlVsC', NULL, 'ILKOM', NULL, 'dewiuki5@gmail.com', '2020-09-21 17:31:19', 0, NULL),
('b2c85bfd-7c60-4a67-9b85-3a71e01b0bdc', 2, '1713221054', '$2y$10$hxnTkmzMG8hjVvIXRLXEJuigJcmE2kgCPLKDsx0bzabItS2lrZDE.', NULL, 'AP', NULL, 'angelitamargareth73@gmail.com', '2020-09-20 14:56:14', 0, NULL),
('b2f2b07f-55ef-496c-a014-362742c864a2', 2, '2013221014', '$2y$10$YA7chcibIkApC9DP6CFp4.AAgnU6ZmKbT80SUgRnIg2g.sfrYEcm2', NULL, 'ILKOM', NULL, 'riafililma52@gmail.com', '2020-09-23 22:47:13', 0, NULL),
('b3125476-126b-447b-940c-9e8090a42389', 2, '1713211048', '$2y$10$qLgYl2a8vWJVl0.eLj57ee6a79OQZl9RHm0CozsQpIeqcfpVnKdcu', NULL, 'Ilkom', NULL, 'fithaindrianti@gmail.com', '2020-09-18 22:40:51', 0, NULL),
('b31f37e4-0b7d-4fd1-8ac5-421367185c39', 2, '1913211058', '$2y$10$Jq/5jKD8LHHck62wes1ZoOoU.x/F4hfd2yojH7fRs/4MgxA9SW1Ia', NULL, 'ILKOM', NULL, 'anastyasiasasa23@gmail.com', '2020-09-20 23:48:57', 1, 'fc6fd6bf-1389-44cc-96d2-90c4e181bd7a'),
('b33bfe72-2e42-4660-8cf8-b76bd74297f7', 2, '1713211087', '$2y$10$PmUZ0LvLd2cbDjk3W4FMvOUd5ptFNRKzUe1t.X0cPTOVCvwMAIrJu', NULL, 'ILKOM', NULL, 'llailiyah00@gmail.com', '2020-09-18 23:40:53', 1, 'fc6fd6bf-1389-44cc-96d2-90c4e181bd7a'),
('b3ca1c32-8873-492c-ad2b-25d5e8385efc', 2, '1713111036', '$2y$10$7bSC4bp/q5Bqn4ulmh/tGeTxmUiKUu55K3Xo6AdLQDHRNexzF2ima', NULL, 'AP', NULL, 'vika.wega35@gmail.com', '2020-09-18 14:37:08', 1, 'fc6fd6bf-1389-44cc-96d2-90c4e181bd7a'),
('b3ed0b42-fd21-4242-a433-890ac2331c0e', 2, '1613111009', '$2y$10$Na8Iu946YDScCkdBInofPOICZADqGoUnFTpNZXIB5N9HfMF.wQW1y', NULL, 'AP', NULL, 'megaputri061998@gmail.com', '2020-09-23 02:32:44', 0, NULL),
('b401cbfe-76af-45c7-8b4f-8222a3c8269e', 2, '1713211089', '$2y$10$E4Nq9lAY9KFKgaeVYFmGweSEyFa2nhiwzjHcovZhcj4hVVlzk90IS', NULL, 'ILKOM', NULL, 'muhfatik97@gmail.com', '2020-09-19 00:09:45', 1, 'e01e1aa4-f6fc-4759-8d2b-103d2e3d7535'),
('b41f2ccc-5e08-4c3e-9b84-3ad0c2448bda', 2, '2013221018', '$2y$10$BHVwUOkFYn6N2dJpnrqkb.o7y64J9NsizypR2T9PXMloXfsO37p6i', NULL, 'ILKOM', NULL, 'teddygosynda22@gmail.com', '2020-09-24 01:08:00', 0, NULL),
('b5791b5f-4b00-4f45-9905-a85bcc2678d8', 2, '1713211108', '$2y$10$mSQC7xKbdnqrqRoc7y1k6OSC.UoldErTl3GD047X7vRRgucK.vPWC', NULL, 'ILKOM', NULL, 'hrizkiyana@gmail.com', '2020-09-18 23:43:29', 1, 'e01e1aa4-f6fc-4759-8d2b-103d2e3d7535'),
('b58dbc1a-78fc-4b9c-b3dc-8b887bd0b321', 2, '1913111020', '$2y$10$doHY.1ZSeQzS2mcvNQk/1.1VQPbDzWnEvnElFsYogawbzCP89RM8K', NULL, 'AP', NULL, 'rendyrafi228@gmail.com', '2020-09-20 23:41:38', 1, 'fc6fd6bf-1389-44cc-96d2-90c4e181bd7a'),
('b5b30eb2-34e7-4572-97ad-d206a87f8fcb', 2, '2013211025', '$2y$10$rNqbfotcMmiyxMlxxox9l.4XNGgU8rz8Ut1Q1WrDxwkU3ZbLsytF.', NULL, 'ILKOM', NULL, 'sahrulrodhi36@gmail.com', '2020-09-22 00:11:14', 1, 'fc6fd6bf-1389-44cc-96d2-90c4e181bd7a'),
('b5b50d44-cc27-4212-81b7-29e179375ef4', 2, '1913211089', '$2y$10$z6KYh1b8soM5nM6welbvGOSXcuSNx0b1dpmSoQtm/GuqPWz/tDch.', NULL, 'ILKOM', NULL, 'rakharusydip9@gmail.com', '2020-09-21 00:38:27', 0, NULL),
('b5e213f0-1586-4b4f-8c54-59298821dd3c', 2, '1713121026', '$2y$10$OVC19M.9D.bhqJPXcAG56.kFlKVM1UIB0wz76SdrLrDIoAMhAoRqu', NULL, 'AP', NULL, 'Anggiprasetyana68@gmail.com', '2020-09-19 12:23:11', 0, NULL),
('b61add86-3280-4007-9e6c-f4f94a9cce64', 2, '1713221023', '$2y$10$HnsMG6MrWWq26yaxaBNa6.MArNXkDeAqibF8Nm1f/o4QFvfkdKIY2', NULL, 'AP', NULL, 'awwalinasyauqiula@gmail.com', '2020-09-19 12:46:28', 0, NULL),
('b70c8614-2fd8-4d16-95c0-3e7c1c26ee51', 2, '1813111069', '$2y$10$1l5gnYFBEi3MKpmrk6eb/uL1j.kuuxhjuh0xTznYuRtM032qTybTm', NULL, 'AP', NULL, 'prithasharmistha08@gmail.com', '2020-09-21 00:43:57', 1, 'fc6fd6bf-1389-44cc-96d2-90c4e181bd7a'),
('b74886f6-4a7c-46e8-b7d8-5c03d728d5e5', 2, '2013111008', '$2y$10$0oNbdAmzDuKJtSpiwHzf/uXOdj.ZyMOTbY4KAUPhzp6.wkkSRHpKO', NULL, 'AP', NULL, 'Ameiliaputr05@gmail.com', '2020-09-27 13:04:50', 0, NULL),
('b7b64a07-62fd-48b4-a306-c9c131b2000b', 2, '1713121037', '$2y$10$2qgSZO0T1miIq26XnVqS4ODbU1qUtynBAXU7soI5mCvRVQt6TNQP6', NULL, 'AP', NULL, 'Whenieka.1@gmail.com', '2020-09-19 12:03:35', 0, NULL),
('b7b6b27d-fa2e-4ec4-9295-d71962cb77e9', 2, '2013221013', '$2y$10$XBFW6WTbHCadv/KsH2Cuau4M5Sy5LpTruwlNvWRm9CSDrcJajwxBC', NULL, 'ILKOM', NULL, 'mhmmdgo5@gmail.com', '2020-09-23 22:30:01', 1, 'fc6fd6bf-1389-44cc-96d2-90c4e181bd7a'),
('b7ca0ce9-b8ed-4524-8ac1-e08ae7f54369', 2, '1813221012', '$2y$10$8V4fUjnupuvdC4DaG5HiY.caFe5zVvUH1E8QjRS4m2hynh.Q3QCkS', NULL, 'ILKOM', NULL, 'm.rijalxmm2@gmail.com', '2020-09-21 17:58:56', 0, NULL),
('b80cfe77-b741-4472-95a8-8ec9fa5aabff', 2, '1713111091', '$2y$10$UhdigZVygWiSAWiCK.4OJeEBuZVxNl8heyrGQ507hLhxiLmQ7eP52', NULL, 'AP', NULL, 'mardiyanariska8@gmail.com', '2020-09-20 22:23:50', 0, NULL),
('b810f080-1fca-4165-b376-8dfe21db505a', 2, '1913111052', '$2y$10$ds4CBvqe/8Y45VxvVgGFMO1mQcpTgZBDumnzNy74GQN9n5KuHO58C', NULL, 'AP', NULL, 'clarizaica1307@gmail.com', '2020-09-21 00:51:44', 1, 'fc6fd6bf-1389-44cc-96d2-90c4e181bd7a'),
('b84906d6-48b0-4dbc-8849-213553892470', 2, '2013211067', '$2y$10$Ub0.2SxZMpYTHWvW.nk8pOnJX6HlWmJPo0bgP32Hf.k15m22Nue/u', NULL, 'ILKOM', NULL, 'akarotit52@gmail.com', '2020-09-24 01:35:49', 0, NULL),
('b8abd6c7-38d3-4d8f-8d0b-8b6634fef332', 2, '1813121035', '$2y$10$UmLFsWIgPByf1CfjRm8Ad.Fs4nKW5IghEZQvobz.lgsFeXzGwaiSy', NULL, 'AP', NULL, 'fadilavannia@gmail.com', '2020-09-23 20:43:39', 1, 'e01e1aa4-f6fc-4759-8d2b-103d2e3d7535'),
('b8b7cc45-9186-469d-9f36-bb6b963b7010', 2, '2013221002', '$2y$10$UexZJ4gzXoqYEpeN53NPkuEaalRNN9t3na6nA/ceLQ/fhdmXLjR6m', NULL, 'ILKOM', NULL, 'irmawahyu009@gmail.com', '2020-09-24 00:07:24', 0, NULL),
('b8ccb99a-d112-402d-bdd0-35bb81578d61', 2, '1713211078', '$2y$10$AZMEOFWSfGkQz0TnInYrbOwS9tckjnqVci7rZ/D03iaONYqqcACNe', NULL, 'Ilkom', NULL, 'yerosyani@gmail.com', '2020-09-18 22:51:12', 1, 'fc6fd6bf-1389-44cc-96d2-90c4e181bd7a'),
('b9418c9c-bacf-41f0-b944-1bd5c8a51e1f', 2, '1913121012', '$2y$10$ytgxy6M2HG4Y7VqAT4ugW.Nkbr5VUSlObj5M8bJg7D3Y1b3YtSHiu', NULL, 'AP', NULL, 'ceciliarsd218@gmail.com', '2020-09-21 12:48:48', 1, 'e01e1aa4-f6fc-4759-8d2b-103d2e3d7535'),
('b9679f13-cb09-4454-809f-4650dbc7ca3d', 2, '1713211084', '$2y$10$/v9fjx0dnuDhRGTeYimJaOKOqLASqNFtkSYk.DnWFGxoqybeWdLmG', NULL, 'ILKOM', NULL, 'wahyuningayu277@gmail.com', '2020-09-18 23:41:49', 1, 'fc6fd6bf-1389-44cc-96d2-90c4e181bd7a'),
('b98370ed-bbd5-4c2e-8147-9b70b3080b51', 2, '1713111093', '$2y$10$zQXXdLnRnb7RdgUuvRWddeIWe0fu/myOkmLtlhmU4cIqowfoSpUmW', NULL, 'AP', NULL, 'afivanutvi@gmail.com', '2020-09-20 15:26:10', 1, 'e01e1aa4-f6fc-4759-8d2b-103d2e3d7535'),
('b9c219bd-4c03-473c-8600-090c0c164583', 2, '1913111043', '$2y$10$UkFxBP1em19RNnfqwgQmm.Ygzeal7oBNOUkaVTpqYN6mDBqso5BL2', NULL, 'AP', NULL, 'fauziahnoviyanti7@gmail.com', '2020-09-21 12:30:55', 1, 'fc6fd6bf-1389-44cc-96d2-90c4e181bd7a'),
('ba22fa8b-e5b1-4d18-8cca-2f021c64b2f0', 2, '2013211047', '$2y$10$MQqYYrZBEE3hEm3XDUOmoudsKPKyFjjzd9cqUKYmTLzvZxAPRXJEO', NULL, 'ILKOM', NULL, 'kwagami.genzai69@gmail.com', '2020-09-24 01:38:27', 0, NULL),
('ba2f5b35-217c-4985-b94c-a091f82f261b', 2, '1913211068', '$2y$10$lPkeWg.cXn3JPgX7oAESJeIDb0B2uyBz6M75kH0ehuJYaMCC3XXaO', NULL, 'ILKOM', NULL, 'monikaeliave02@gmail.com', '2020-09-20 23:52:13', 1, 'e01e1aa4-f6fc-4759-8d2b-103d2e3d7535'),
('bb31342c-2e78-4f97-a3f0-b95490b7c01f', 2, '1813111068', '$2y$10$oDJVHroo36TmgVfNGcdMoe.lPiVsyRnkdcozqITBrFKhSUHAOMJT2', NULL, 'AP', NULL, 'fernandamaulanaazhar@gmail.com', '2020-09-23 20:44:46', 0, NULL),
('bb379f54-1179-4ffb-a23f-58cee6480431', 2, '1713211032', '$2y$10$3JCY5B0vgH7XeD8iJsY1yOdiCyRnDQhsu75coHl5ftjPicfiDwncq', NULL, 'Ilkom', NULL, 'dnitsa25@gmail.com', '2020-09-18 23:04:00', 1, 'e01e1aa4-f6fc-4759-8d2b-103d2e3d7535'),
('bb39cc38-fc31-4bf9-ac23-47b8dc02c14f', 2, '2013211083', '$2y$10$QykbmpFkIER15X4bPOsANuTqiEuM.1DFeV3.RlWK5.RWXtm5YmC5.', NULL, 'ILKOM', NULL, 'sembarang7.rd@gmail.com', '2020-09-24 01:15:44', 0, NULL),
('bbfcb119-2511-44fc-a1e3-0d61249fbd63', 2, '1713221039', '$2y$10$Ui/Bw2gbpdvynfkozrw2zO4chv83Oo2HRgKwQbANc9RSussZwJ2Da', NULL, 'AP', NULL, 'ruthmgdlnt@gmail.com', '2020-09-19 12:49:13', 0, NULL),
('bcd62c63-e487-4662-8f8b-75795fad20c8', 2, '2013111021', '$2y$10$/NbdTzOdRU463OkrC9XSLOK2lzTHfuQVxlgjpsjrbatWZh4Tpfp0.', NULL, 'AP', NULL, 'evaoktavia71@gmail.com', '2020-09-21 23:02:12', 1, 'f21522fd-9727-4e9b-97e6-cbb96d303399'),
('bd6285bd-2b9a-49e4-a35c-ad1f3f5dc3a2', 2, '1813211072', '$2y$10$Rglhoyy0.FXQGrC86Nhnh.V4/qvjq0PSlWHpQvq2o1h3CxAcwaliO', NULL, 'ILKOM', NULL, 'omasarya966@gmail.com', '2020-09-23 21:16:22', 0, NULL),
('bdefce7f-469f-46a8-be11-31674e610b7b', 2, '2013211022', '$2y$10$GfjD1AbCeoZoqd6bhIG1OeHJESS/4lyS8mV7K6LM..gGeYRMD0To2', NULL, 'ILKOM', NULL, 'lutfiananggara@gmail.com', '2020-09-23 22:03:47', 0, NULL),
('be26735c-1324-4f5d-8da7-4d10c5cbd45f', 2, '2013221030', '$2y$10$Y1bcrPnqLL7UQwuyv0Lnpu//7wIrWpajaQVTfS57m5fLzmvkldUwO', NULL, 'ILKOM', NULL, 'abidabid.aa347@gmail.com', '2020-09-23 22:35:39', 0, NULL),
('be865f4f-a685-42a2-9221-2efa56edbafb', 2, '1913121042', '$2y$10$9ycYMqVMYmBSA9ha3/kSReoRxW5v6ILY8WFl0CZFA6kRsogl5FyWq', NULL, 'AP', NULL, 'bagusdwi0512@gmail.com', '2020-09-21 12:47:20', 0, NULL),
('be9e5283-572e-4393-bfa9-619986e6fd5e', 2, '1713211109', '$2y$10$v6KkXdtNtO7u7XjI/.c0SOpL5/U3Uhxfo2TM7Ot9GUZdimeH7lP.G', NULL, 'ILKOM', NULL, 'mohammadsyahrul04@gmail.com', '2020-09-19 00:08:23', 0, NULL),
('bed666d3-b3e8-4360-92b5-ddb63f023858', 2, '1713211064', '$2y$10$KecpGB7AmmLseaVjH7r12OWJhxtvRi7tzS.tGrrjkCE5JLHs/v0FS', NULL, 'ILKOM', NULL, 'ulvaafifah18@gmail.com', '2020-09-18 23:39:57', 0, NULL),
('bf0330fc-8e86-4e28-921b-786727e007d3', 2, '1813111047', '$2y$10$KfFE0Bksvq.WmwRjH/9y5.jG.9Ib95F4/2d0h2AsJVYU2wXabel1W', NULL, 'AP', NULL, 'lviraanggreyni@gmail.com', '2020-09-21 00:30:00', 1, 'fc6fd6bf-1389-44cc-96d2-90c4e181bd7a'),
('bfb3425a-6420-4804-b10c-3e529ba72cac', 2, '1713111071', '$2y$10$Yvs3x0EF87eG9VLFf88/J.Yx1EY9MCMe.KJv6ZDuInfBbVF4sSUTC', NULL, 'AP', NULL, 'enymuf88@gmail.com', '2020-09-20 15:14:54', 1, 'fc6fd6bf-1389-44cc-96d2-90c4e181bd7a'),
('bfd49067-7ecd-487d-9fd8-c7173516938c', 2, '1713111095', '$2y$10$qN9Ws8v4jVCIY5SR8Pq4ze7HAGCN.6PmYkKbzxM0wPFaH9kb.jIn6', NULL, 'AP', NULL, 'kauliadiyanti@gmail.com', '2020-09-20 22:25:28', 0, NULL),
('bfdaa25b-1c5a-4832-93bb-df33f96aaa88', 2, '1713211094', '$2y$10$0dzlX/wgrqoFB0/5gJZzue3fsYzPC1rKr6c9XOj5vOcsKdbmCtFV6', NULL, 'ILKOM', NULL, 'ekysetiawan15@gmail.com', '2020-09-18 23:50:26', 0, NULL),
('c075cc2f-357c-476d-8ebb-2c5a69233e5f', 2, '1813121016', '$2y$10$UiRFjHrDoqYcL.FB2727WuNeELTlCpIui7D3lS4uxJdFZ1J3r3ZOS', NULL, 'AP', NULL, 'Ellennovitasari462@gmail.com', '2020-09-23 21:01:39', 1, 'e01e1aa4-f6fc-4759-8d2b-103d2e3d7535'),
('c0a62d44-bdb7-4f77-a0f2-3d3ff06be1dc', 2, '2013211059', '$2y$10$j7K5KRSCqhgHq4NZ91u0v.KCJdRyXAmvWrmUIIBPg0ZI2SyelA0BS', NULL, 'ILKOM', NULL, 'arnesyas75@gmail.com', '2020-09-24 01:25:33', 0, NULL),
('c289dfb5-ed71-4798-9c1e-150dbcc1aa56', 2, '1913211052', '$2y$10$ZHduAtswC9JCjivwIRItu.Y1Ip6V7xCEYazK1tAonC6EqDj/oA5VO', NULL, 'ILKOM', NULL, 'nadliranadlira@gmail.com', '2020-09-21 00:39:41', 0, NULL),
('c30b5c79-e06a-4d7b-834a-f3b658dbfe07', 2, '2013211029', '$2y$10$MJzsi2EgaUfcZrIDviV.qO4O53XAQUIPnum4RBsGOaU0FpEK2Qj6G', NULL, 'ILKOM', NULL, 'wulanguritno947@gmail.com', '2020-09-21 23:45:34', 1, 'e01e1aa4-f6fc-4759-8d2b-103d2e3d7535'),
('c3388855-a922-431a-a75d-4d06485f19fc', 2, '1913111053', '$2y$10$IwJEzQL9An8QXSY3KSYudeWSglRlWELfgCVd7VFto5Es15rycmRUu', NULL, 'AP', NULL, 'annisaiskandar01@gmail.com', '2020-09-21 00:50:34', 1, 'f21522fd-9727-4e9b-97e6-cbb96d303399'),
('c3afe764-0f9f-44cb-9343-3723ce0d2609', 2, '1913211030', '$2y$10$GkXBwTW1i1FJ56.EvpT8SORvA.juuS.oQzVRLRX3MXDuYyACcCxDS', NULL, 'ILKOM', NULL, 'radityarad242@gmail.com', '2020-09-21 01:15:19', 0, NULL),
('c4167f47-d4d0-45f5-917a-1bb6c381b7fa', 2, '1713121059', '$2y$10$TmkXG25CubbUXFUSaugM5u.uFSFcIzh2eT.lasjZSmkXvqn0GleEC', NULL, 'AP', NULL, 'dhinadee24@gmail.com', '2020-09-19 12:26:03', 0, NULL),
('c48b36ac-6103-438f-8506-cd38bd0467ea', 2, '2013111017', '$2y$10$ueIxYi6Y41IHIhY.wFZZ9.IB2A8mmNifFvC/WwlyEGJOwZiY.83wa', NULL, 'AP', NULL, 'dilvia.19@gmail.com', '2020-09-21 22:59:40', 0, NULL),
('c4b27864-7398-416b-b560-20d9c9908a41', 2, '1913211008', '$2y$10$Qb3vxpLd7jbNBRuvm2UtzON2vJFgdeUEjvXaEjtStWanXSnbNWuMi', NULL, 'ILKOM', NULL, 'gustiamalta98@gmail.com', '2020-09-21 01:18:01', 0, NULL),
('c56f0330-e97b-459f-9e47-14689f412219', 2, '1813111055', '$2y$10$kCV5lENYrSgVJUSEyPX8UOVev1duAcDYZ7qEzKq6c9po0twac5Aaq', NULL, 'AP', NULL, 'Syechanr77@gmail.com', '2020-09-23 21:04:26', 0, NULL),
('c606d9aa-2109-45e6-a81d-a91cdfb22122', 2, '1813211027', '$2y$10$aYrtddWSYdxfeAWXlv9lw..Hf.oCmTnmtEBTQBY7v0mQaxzk0Mnuu', NULL, 'ILKOM', NULL, 'silviyahwh@gmail.com', '2020-09-23 03:42:29', 1, 'e01e1aa4-f6fc-4759-8d2b-103d2e3d7535'),
('c6630eac-e452-4197-b680-547e06e844a3', 2, '1913211093', '$2y$10$xY.pNXHkeLMhXmw3Ftq6BePNndUs7ouOHHDfp6SlZ50LRL/HnypBK', NULL, 'ILKOM', NULL, 'cahyaniagustinasari@gmail.com', '2020-09-21 00:05:48', 0, NULL),
('c678bce5-c09f-48e3-b5c7-6c59365133ba', 2, '1813111056', '$2y$10$SeN9ca6MSSh7Hi0FgWluS.SlQ1EnWG4vpPI4KGHQsGDkjsG0C7g16', NULL, 'AP', NULL, 'novatriloxo12799@gmail.com', '2020-09-21 17:42:09', 1, 'e01e1aa4-f6fc-4759-8d2b-103d2e3d7535'),
('c7084b86-026d-4b54-b8e8-4a71e40d08fe', 2, '1913111057', '$2y$10$rmVF1utxJho.JoNdLTXiA.e70UNZarnhW/v5IATEXGTtQlcMHbSCa', NULL, 'AP', NULL, 'hadidgiripujangga@gmail.com', '2020-09-20 23:26:21', 1, 'fc6fd6bf-1389-44cc-96d2-90c4e181bd7a'),
('c70f5e3d-6201-4d84-8749-b8d5f03a25c5', 2, '1913211084', '$2y$10$/aSA55wHiuynLeO/J6XdOOrtI.ZrdR4ZV3OpEdysD6LlpDzJMGHaW', NULL, 'ILKOM', NULL, 'devafahira12@gmail.com', '2020-09-21 00:44:30', 1, 'f21522fd-9727-4e9b-97e6-cbb96d303399'),
('c711e22b-2211-465e-b4a3-dc1fbd747ac0', 2, '1813321048', '$2y$10$y8tSVGvCrdBnu4g6R0OiG.Lu0LCfCZ2iLWMwrDa7x8xoZXhuSk4tq', NULL, 'ILKOM', NULL, 'pratamaabi75@gmail.com', '2020-09-23 20:27:13', 0, NULL),
('c750ddaa-40f0-4f9c-82b2-2a9f683e3770', 2, '2013121015', '$2y$10$IccBh6.3jQ8nva1KWOiatu0xUiygcia0btu9NUOJElim2LxOQ1WeG', NULL, 'AP', NULL, 'chairien41@gmail.com', '2020-09-21 23:44:08', 1, 'e01e1aa4-f6fc-4759-8d2b-103d2e3d7535'),
('c7d60b18-5459-424c-b724-738f6ad5ec8d', 2, '1713221058', '$2y$10$dsgPObIJKEvbmJcqBzLNkOq3uJg9POCKQEVmifFlrUllFOUXH/AFy', NULL, 'AP', NULL, 'ezrasampouw03@gmail.com', '2020-09-20 15:04:30', 0, NULL),
('c7ee1424-8942-4d00-8b11-2d5c174f759a', 2, '1913211090', '$2y$10$dVUYgVToo167fcr3NeiA3OUTQDeSVe0xyrz4tqBsXyc.vRKS/AltO', NULL, 'ILKOM', NULL, 'tasyaa794@gmail.com', '2020-09-21 00:13:07', 0, NULL),
('c8157dc7-1afa-44f0-919e-6e231b96bdaa', 2, '1913111024', '$2y$10$PTkP.4RrhiooMHOMY0.ywOiQ1umxamvrWH73ePaphQjxykXMVpFQa', NULL, 'AP', NULL, 'Idyawt4@gmail.com', '2020-09-20 23:31:41', 0, NULL),
('c861ae55-7899-4bac-bcf6-67266b02da64', 2, '1913121011', '$2y$10$N9VjHmN42sncNQuC7MlPbOuochy1Z9Y/652cEUZqTIkph0auc4Fj.', NULL, 'AP', NULL, 'ptiara029@gmail.com', '2020-09-20 23:27:38', 1, 'e01e1aa4-f6fc-4759-8d2b-103d2e3d7535'),
('c878a1cf-5ba5-447e-919a-6119ee324a5b', 2, '1713111046', '$2y$10$.2G9MY9Eee8NRjge7dFsFOP05J9t2zGPSq3z18oNgNOMVSLnSJABO', NULL, 'AP', NULL, 'zainularifinadhar@gmail.com', '2020-09-20 23:37:41', 0, NULL),
('c8d0163b-24f7-409a-8f4f-ff20afb751db', 2, '1813121011', '$2y$10$tx48fLdMkKI6d.9GS0i1l.t41BSHC/ZnldPh5c2f6wHmsax9lTgUy', NULL, 'AP', NULL, 'dwiaryajatmika23@gmail.com', '2020-09-23 20:47:23', 1, 'e01e1aa4-f6fc-4759-8d2b-103d2e3d7535'),
('c96dad49-9371-487d-9b76-cde311291ebc', 2, '1813111057', '$2y$10$GZTgmXOv.0YiZDMFD/p88uHvL80Vd888ZjKI9m0TAmRQoHkoZq5f6', NULL, 'AP', NULL, 'rbicha06@gmail.com', '2020-09-21 17:56:15', 0, NULL),
('c98124a4-840c-46db-a011-3b34ae24373b', 2, '1813111034', '$2y$10$RYo97wffpyPD.//1bgEMuOiEa3b8toz7fC2i.3WtMmU0olF033FqK', NULL, 'AP', NULL, 'diyahriski135@gmail.com', '2020-09-21 17:45:27', 1, 'e01e1aa4-f6fc-4759-8d2b-103d2e3d7535'),
('ca6893cf-174f-4d09-a258-c20f17b16ce6', 2, '1713121032', '$2y$10$7ugeQ6kRlNceFJwFikqUJeZUPZsHkxxBg9TctEX8iLUjAKJ0LbfhC', NULL, 'AP', NULL, 'Zainalalim221@gmail.com', '2020-09-19 12:19:40', 0, NULL),
('ca7dfda4-dd3a-4971-9d42-0fba19528cb8', 2, '2013211069', '$2y$10$Y85PMlw7JvS9D9jWIFa8k.Aha5nMtbykaktpB2Gxr2KMKPNPX6ozy', NULL, 'ILKOM', NULL, 'latul0125@gmail.com', '2020-09-24 01:37:02', 1, 'f21522fd-9727-4e9b-97e6-cbb96d303399'),
('cae48d26-106c-4618-a003-5ce6decfea73', 2, '1713111026', '$2y$10$yYgK/G73RIUsJlr7TC0nPe.QWD.hH9YsdfNSkkMtgYemJ0ByUgxaK', NULL, 'AP', NULL, 'krisensiaerdianadaruyuniasih2@gmail.com', '2020-09-20 23:40:55', 0, NULL),
('cb2a0a16-26fa-4ef0-9068-bb64d842701e', 2, '1813211023', '$2y$10$BPujLKYw6n07eN2PTgN/A.GUbdDCqqKCTqf.YkmwVV0n6jZVjTTDa', NULL, 'ILKOM', NULL, 'ozybeben.57@gmail.com', '2020-09-23 21:11:10', 0, NULL),
('cb38c6db-3a93-48cc-9fe1-6a67617aa9b2', 2, '1713211007', '$2y$10$cSBL6/v7tXF6/ChSM/O24unNOFNfqUPs6MnZyGjEZ3U7wMwtNsGRu', NULL, 'ILKOM', NULL, 'sodiroo@gmail.com', '2020-09-19 00:20:22', 0, NULL),
('cb680a17-aadc-4e39-b811-77654a348e54', 2, '1713211095', '$2y$10$s1jnPjjh8qNyQmE.7BIZLOEk3hot9WU4wjC/bQ5IYcjdW3CX/QVfi', NULL, 'ILKOM', NULL, 'taufikjhonkey@gmail.com', '2020-09-19 00:04:07', 0, NULL),
('cb8b0e8b-6038-4a51-b175-989a8dd72ba3', 2, '201321084', '$2y$10$9jzu77zDNmj2kfP5ACp4hulci9VNk3hvDP59Detjw73khlM0btWn2', NULL, 'ILKOM', NULL, 'krisnarifki9@gmail.com', '2020-09-24 01:24:57', 0, NULL),
('cc061a6e-5606-4ddd-b34f-1fd0377cf858', 2, '1813111029', '$2y$10$AToehcQZnvuF57WpPRtWSu/I1cH/7fVBzVtoGfzFcgC4k2e.msle6', NULL, 'AP', NULL, 'Ameliaer150@gmail.com', '2020-09-23 20:39:44', 1, 'f21522fd-9727-4e9b-97e6-cbb96d303399'),
('cc0b304a-c7f2-47d9-97cf-c753a2dc5c8c', 2, '2013111035', '$2y$10$mFnZWhCArPNPyFLk9Taj/ecbUF4TI7jS/kOcTQ2doyR6S.8UZg/pG', NULL, 'AP', NULL, 'sesiliaintan2002@gmail.com', '2020-09-21 23:11:49', 0, NULL),
('cd07f6db-748b-41c7-bf5a-d79eb91dcc75', 2, '1913121029', '$2y$10$po.swMaIcanjm8BWtpI/Du/NoeGWdClXwCjsWc4t/fPhsR2/kqUOe', NULL, 'AP', NULL, 'laraspitaajeng07@gmail.com', '2020-09-21 13:14:51', 0, NULL),
('cd34957c-10da-415e-8bfe-66e692708bfa', 2, '1813211007', '$2y$10$/78IpMiVKBiRiCfKWGvVGeZBJYmF648lq6SmLRvyDUu33aycyOXhC', NULL, 'ILKOM', NULL, 'Helennovita20@gmail.com', '2020-09-23 21:11:50', 0, NULL),
('cda6a5b4-a19b-4282-a42f-f9cb5b1fa61d', 2, '1913111033', '$2y$10$2qE7vUmd8nd2xjyBSOhineSl2BPSJwLB84ipUBGJwSA.DcPXDC8A.', NULL, 'AP', NULL, 'jasimaw@gmail.com', '2020-09-18 18:19:19', 1, 'fc6fd6bf-1389-44cc-96d2-90c4e181bd7a'),
('cde6081e-a8b1-4650-93fe-47f28b346032', 2, '1713211082', '$2y$10$ug9t6WQzR9PDHzeQYgNnY.SLA87Ekp6VPvuS0A5KErAol1dCem6la', NULL, 'ILKOM', NULL, 'nivellatyas92@gmail.com', '2020-09-18 01:41:53', 1, 'e01e1aa4-f6fc-4759-8d2b-103d2e3d7535'),
('ce2187ae-9081-41c7-969d-f6840340e8e3', 2, '1713121049', '$2y$10$Tk4PrdAClYRufZYbavjzueuGYaySdxLQQ.4VmTn2nctPc6RvaMU7O', NULL, 'AP', NULL, 'Yenikar23@gmail.com', '2020-09-19 12:22:12', 0, NULL),
('ce3a24fe-b240-4b54-ada9-b5e9e959740d', 2, '2013121012', '$2y$10$Ch4KWVU9T2qbgwECkkrS7O1cgJhmCxRic3B29wuiREkpH0.FeSswi', NULL, 'AP', NULL, 'manggarriskaaputri@gmail.com', '2020-09-21 23:42:11', 0, NULL),
('ce784bd6-d6cc-45be-bd6c-829981b1bc52', 2, '1813111030', '$2y$10$UDQWMBor6svDbbofu5zysOGKlQph1HaKWn6B3ovdCvtM7teWT3I/u', NULL, 'AP', NULL, 'maharaniiis16@gmail.com', '2020-09-23 20:28:02', 1, 'f21522fd-9727-4e9b-97e6-cbb96d303399'),
('cf1d1b12-b5af-4327-89c1-f609c9533a2f', 2, '1813211033', '$2y$10$/nSEGD2uE/UU5aS9LG.e2.o28nG/5lmz0zADiDlyLnT.Xg8H/btNm', NULL, 'ILKOM', NULL, 'putrashuffler@gmail.com', '2020-09-21 18:14:26', 0, NULL),
('cf33867e-9d30-4e41-ad90-4c45abfa6f6f', 2, '1713211036', '$2y$10$fIgB3jG0dkO.uqNnAP3m2eU9te2O9jZ91c37zni3ZupXFK9knW3mm', NULL, 'Ilkom', NULL, 'alyahafizhah059@gmail.com', '2020-09-18 22:56:58', 0, NULL),
('cfa4a970-4af7-4d69-b588-950c80e4e1c9', 1, '1813111035', '$2y$10$x57BwSUwljeKvvcO1RjDduIFuIApF52FKId8k0Oeqp0gmlSLqS20S', 'Yasinta Wahyu Nur W', NULL, 'DPM', 'yasinta.wdy28@gmail.com', '2020-09-14 17:01:13', 1, 'e01e1aa4-f6fc-4759-8d2b-103d2e3d7535'),
('d015d9ec-2146-45e0-af58-d2e6137bf652', 2, '2013111006', '$2y$10$mb3jBLFvX.MnxMqUgTzUTuVF/Yn7hqqBaKnV6lY3rxRjY4d3Iuss.', NULL, 'AP', NULL, 'refridyans@gmail.com', '2020-09-21 21:48:06', 0, NULL),
('d235a315-c626-4ed2-87cc-766de656b06c', 2, '1713121039', '$2y$10$RDMZ5HLTBWnzkTGNdze4L.XsWNebRIJYDeaomBWS2/1ewaKCh96wS', NULL, 'AP', NULL, 'kharisma_dessy@yahoo.com', '2020-09-18 15:16:17', 0, NULL),
('d23a5e7c-129b-4cde-b38c-2f7ae5fa8230', 2, '1913111047', '$2y$10$Pb5skN/4tLoxUvPX4y8IVOjdIXDI5RxGtae37CNnC1fFY6cfnWLq6', NULL, 'AP', NULL, 'ferraae1234@gmail.com', '2020-09-21 00:56:38', 1, 'f21522fd-9727-4e9b-97e6-cbb96d303399'),
('d26aaa3d-323b-4e67-9dca-425353b0fa8c', 2, '1913211018', '$2y$10$3zdPpXlIJyevEpfahukdUuTL/jC7ZMo1f8lsLMoXLLR8Z3f1A8YGS', NULL, 'ILKOM', NULL, 'realrafly25@gmail.com', '2020-09-21 01:00:13', 0, NULL),
('d289c847-7bae-476d-8da0-a817b101494a', 2, '1913121030', '$2y$10$6j0hcfiXIDr/2kySTaRLmOjzJBpoBQ1QIOZ8WYDMJ/po/NRNchYV.', NULL, 'AP', NULL, 'meggaanggun19@gmail.com', '2020-09-21 12:57:50', 1, 'e01e1aa4-f6fc-4759-8d2b-103d2e3d7535'),
('d34a2d85-b77c-437f-a9be-c68d70f075b8', 2, '2013111001', '$2y$10$lvJpX3XlDJQ63OAgqSyOmeVqub6ZKUhKtOUHJdhiPQAWTo8wJTQzS', NULL, 'AP', NULL, 'Annastyaputrik@gmail.com', '2020-09-21 21:53:28', 1, 'f21522fd-9727-4e9b-97e6-cbb96d303399'),
('d367badc-9135-4cf9-8d05-232ecaf47941', 2, '1813111051', '$2y$10$WU6awOP75mYAcqr9aZjvNe9Nivh70f1B8WCHUXKcRw1N5CC27fSDy', NULL, 'AP', NULL, 'anitamol23.am@gmail.com', '2020-09-21 00:26:43', 1, 'e01e1aa4-f6fc-4759-8d2b-103d2e3d7535'),
('d3865b4e-3a00-4f32-90f2-9aab68c57afa', 2, '1813221026', '$2y$10$9HYThGiubGFI/HSPdLGnL.Fvrjeg7KaS.CummHAxaSzXNk7F1xkW6', NULL, 'ILKOM', NULL, 'pupungand@gmail.com', '2020-09-18 18:10:15', 1, 'fc6fd6bf-1389-44cc-96d2-90c4e181bd7a'),
('d3dfd5f2-5558-4816-9fe8-32b709ee4ddf', 2, '1913211014', '$2y$10$oCBnWMgAl8xsLRhX0uLiV.GTsj9WE.bt6DSu6VrJehRjJyUUfAdZW', NULL, 'ILKOM', NULL, 'mayangputrioktavia111@gmail.com', '2020-09-21 01:03:39', 0, NULL),
('d4005142-5586-4b78-b141-e77b5e03e03c', 2, '2013111022', '$2y$10$c7hPvxFSQJYO2cf0AT3Reu6R/64RJXrqCeyuEDkCM3aQHQzH8eUOu', NULL, 'AP', NULL, 'megadwirp@gmail.com', '2020-09-21 23:07:18', 0, NULL),
('d54e15f5-47d2-4be3-99bd-7a61c28a9b8a', 2, '1713111098', '$2y$10$C2ocRf95wqSTAXx.5rtGeuq5fGz7PfqekIE2DnZPNmuFiBROq/6/q', NULL, 'AP', NULL, 'almirarukhma@gmail.com', '2020-09-20 15:10:47', 1, 'e01e1aa4-f6fc-4759-8d2b-103d2e3d7535'),
('d5562555-c402-49cc-9a84-d2ef920138c6', 2, '2013211042', '$2y$10$/zzv0gTAxp3bSYMSNeVVBOQiIxLPfulc6suKATmLhgdplREVUppgq', NULL, 'ILKOM', NULL, 'inung978@gmail.com', '2020-09-21 23:51:41', 1, 'e01e1aa4-f6fc-4759-8d2b-103d2e3d7535'),
('d5fe0d86-7046-4796-a182-2e4ab3ba77b5', 2, '2013221006', '$2y$10$twVdfYqZ0lliNzwOKieKj.79JY4RhWNX/WtW31eW4CyEh4q2EgAp6', NULL, 'ILKOM', NULL, 'faraharista34@gmail.com', '2020-09-24 01:06:35', 0, NULL),
('d6666ed1-87a0-4c5b-9581-e2f50d7e9a0b', 2, '2013211099', '$2y$10$a.kqjqbzblFMla7XTa04zuqnUqUYTLs7F1Ps99c/35sKGR4MW99vq', NULL, 'ILKOM', NULL, 'melishashinta47@gmail.com', '2020-09-27 15:51:47', 1, 'e01e1aa4-f6fc-4759-8d2b-103d2e3d7535'),
('d687adcb-4061-44ea-a5cc-a290dae15b85', 2, '2013211095', '$2y$10$n.l1pzMmNjm2KkkeAFuKd.NiUGxs9fOgnE2VXBTXXhvX./CznBcde', NULL, 'ILKOM', NULL, 'sajidhidayat089@gmail.com', '2020-09-24 01:24:26', 0, NULL),
('d6dc263a-3127-4b58-94f7-50fb0d7836dd', 2, '1813121040', '$2y$10$XQ.d3Lf5FR/quCY8rrqUK./DGW.aHdZSCB3JPhg8VpGaFGPA/ZZZ.', NULL, 'AP', NULL, 'istiqomahrahma040@gmail.com', '2020-09-21 17:54:59', 0, NULL),
('d7aa2c71-4b9c-4806-8fd2-78fd0b32794a', 2, '1713121048', '$2y$10$40SXq67PNj4.aSSmSLXY..X5srx4R3p4PFoBAyc8rdYpeO6ZdpZOS', NULL, 'AP', NULL, 'Tororamadhan7@gmail.com', '2020-09-19 11:58:18', 0, NULL),
('d80acec1-7154-439f-a661-66a7e50d5285', 2, '1813121009', '$2y$10$7sgbImChOkqWu2fM/89LV.bu3tDXG0vLMv2iJHn4zxGi77jo1Wq52', NULL, 'AP', NULL, 'tinaxvivi@gmail.com', '2020-09-23 20:52:11', 1, 'e01e1aa4-f6fc-4759-8d2b-103d2e3d7535'),
('d8a160ed-f186-4d14-910d-3e8cc5f16ac3', 2, '2013221026', '$2y$10$XFeYnoy9o8Yh4t50WJsHlejuuvsy0jrAjhf9KdCe3/73D..bgbW2W', NULL, 'ILKOM', NULL, 'ptamitabjn123@gmail.com', '2020-09-24 00:52:00', 0, NULL),
('d8e108bf-0fba-49e3-ac60-263a583505d6', 2, '1913111037', '$2y$10$4cjhpwEetCFwgMl7Pn6WZeb0eeFUkj.rx8DJvFO1HBFFHxwBqVdua', NULL, 'AP', NULL, 'aryaji345@gmail.com', '2020-09-21 12:18:39', 0, NULL),
('d957cf0b-c587-4106-acc2-6b6f79763747', 2, '1913221038', '$2y$10$TLz3M3lmcv946aQuyefp7ODGaRTjzLphviYH7h0RE/WJhCNlD/JD6', NULL, 'ILKOM', NULL, 'nurulbarikawulandari@gmail.com', '2020-09-21 17:34:53', 0, NULL),
('d9c267a7-69b7-44fa-af70-09adb8ce601b', 2, '1813221039', '$2y$10$69EWAh3FrHTKVqm9yHbilOGTSPIl5xSpCymPzaw1Ti5mYbKXFSR.i', NULL, 'ILKOM', NULL, 'ukydian20@gmail.com', '2020-09-23 03:47:45', 0, NULL),
('d9f1cd0d-a732-4d55-bc25-167e23f184f6', 2, '1913111032', '$2y$10$hxywufZ4dvoseTGbarr/KeZsEZnhs.YXB359muyTOzgSpKM1tLrM6', NULL, 'AP', NULL, 'Ariisreza04@gmail.com', '2020-09-20 23:31:01', 1, 'f21522fd-9727-4e9b-97e6-cbb96d303399'),
('da62846d-ca16-4b70-9a8f-88785abd44df', 2, '1913221007', '$2y$10$7FQX8LZKCqenYxuwJgngMeAsZPP2gXakeU4N1PCNu4ALs9nWzh1xi', NULL, 'ILKOM', NULL, 'Gladiatorcipto@gmail.com', '2020-09-21 17:59:52', 1, 'e01e1aa4-f6fc-4759-8d2b-103d2e3d7535'),
('da9ae394-7422-4dfd-a8ea-82c130349ccc', 2, '2013111019', '$2y$10$YZxU8Mon97BcLGMSst38B.Ltzm2FOtqlV6.lWq/CZi9zqcX1Q1O72', NULL, 'AP', NULL, 'rennyubaidillah204@gmail.com', '2020-09-21 22:23:32', 1, 'fc6fd6bf-1389-44cc-96d2-90c4e181bd7a'),
('daf9e2bf-e048-4c13-bb34-19899fa37137', 2, '1913211066', '$2y$10$fbdD1QBEWO4eS30wvlx2DOeO4wR9rL3YXQQlBW9K53yYn.jCpkxhq', NULL, 'ILKOM', NULL, 'adamandriliaa@gmail.com', '2020-09-18 18:55:39', 1, 'e01e1aa4-f6fc-4759-8d2b-103d2e3d7535'),
('dafa64b1-39cd-4ee5-9cc4-865ed204d6ed', 2, '1713121025', '$2y$10$JP9jYvb6Sj2ZEuS3WqnB7OeSdzevBYeeGdSVOto2yuiwNSUhY6jMe', NULL, 'AP', NULL, 'dindanzr@gmail.com', '2020-09-19 12:28:19', 1, 'e01e1aa4-f6fc-4759-8d2b-103d2e3d7535'),
('db8710d7-bf0f-4ae5-af93-40ca64b91ae4', 2, '2013221024', '$2y$10$bVKz34Gz1tMPSen7IoKNo.7HBCkhy3/VveKR.FnjK9izY4Vfm09yG', NULL, 'ILKOM', NULL, 'dimaswayyy@gmail.com', '2020-09-24 00:05:42', 0, NULL),
('dbab8ef0-ed51-4136-9316-90488a784e1f', 2, '1913221053', '$2y$10$Vs5p6HUCG.bhfo2vTleZt.TvQ3QUSdABb5Voj8k/nK4TwOXJBn5HC', NULL, 'ILKOM', NULL, 'silvianafebry.2345@gmail.com', '2020-09-21 17:52:35', 0, NULL),
('dbf95f37-19fd-48a1-8dad-5b2510c3e16d', 2, '2013211096', '$2y$10$5uxsT.7P5hdq9h5rBIO0F.1TIipEvTTZbn0ttWuHvIIe4gH4GuceC', NULL, 'ILKOM', NULL, 'dimasvian25@gmail.com', '2020-09-21 23:54:09', 0, NULL),
('dc432a77-b966-4c40-9d50-9fea1af3c0c7', 2, '1913111035', '$2y$10$ReSvcFjxQ1O5k3m6jNocseXMd1ubTVnRpBya3Mms5.HbdfHlKIecC', NULL, 'AP', NULL, 'yolandaokt14@gmail.com', '2020-09-20 23:45:05', 1, 'f21522fd-9727-4e9b-97e6-cbb96d303399'),
('dd06a9ff-2dbd-4468-8598-a1ff732c129c', 2, '1913211053', '$2y$10$jsVEz5OVDvw7h/toorzUleaFnJ6EkcXuq/FO.kpJmR.WmkTrTvk1e', NULL, 'ILKOM', NULL, 'murtiarum085@gmail.com', '2020-09-21 00:28:57', 0, NULL),
('dd15a5f2-d8bd-465b-aa96-ce14cbbdbbce', 2, '1813111042', '$2y$10$v4BglSLH8tt.31v5pGFxGOY0fSIzwWKwjdJHC9q4LX.dpvtI544su', NULL, 'AP', NULL, 'agnaamaris@gmail.com', '2020-09-21 17:51:20', 1, 'f21522fd-9727-4e9b-97e6-cbb96d303399'),
('dd611641-166e-4754-8277-4fec1cd3df69', 2, '2013211090', '$2y$10$xR8uzJ9mPqy9ilaGb0RfiO7eOV7FkFnex73dOqzX67IKk9UwEbixy', NULL, 'ILKOM', NULL, 'lutffanmajid@gmail.com', '2020-09-24 01:41:18', 0, NULL),
('dd87171f-53fb-435a-b82c-d76bb15f4898', 2, '2013111034', '$2y$10$d39TP/RZ7Guxp2z.0IwzF.EktcRxQXXNwbD3KE4ebL1SuFwFsDs..', NULL, 'AP', NULL, 'silvadiafatu@gmail.com', '2020-09-21 22:52:32', 0, NULL),
('de341664-d43d-4f78-9b07-2185a555d263', 2, '1513211107', '$2y$10$LWWDuxpi7xQ6/PHKvzVxCOP3SGG3Fj/iCPuzTjkwCHWOtHIX/02b2', NULL, 'ILKOM', NULL, 'ekkywidyarisanty@yahoo.co.id', '2020-09-23 02:24:32', 1, 'e01e1aa4-f6fc-4759-8d2b-103d2e3d7535'),
('de664bc7-745b-4011-a515-f9c526ab6f17', 2, '1713111038', '$2y$10$Rsk5eSbI.8RlaI7fPvcpeOFa40rzuyzr7BswTag66CSUquUsse4rK', NULL, 'AP', NULL, 'anisashter22@gmail.com', '2020-09-20 11:07:03', 0, NULL),
('de770994-2cdc-4a21-8fda-1a377ed0d8bb', 2, '1813221001', '$2y$10$/Jtw.mKgvg5hcR79yhVT7ekLYSfQnhzMHW9Nk2/rj9EhjkgOvcaDG', NULL, 'ILKOM', NULL, 'peggylutfiana140599@gmail.com', '2020-09-21 18:01:11', 0, NULL),
('deaf3739-df9a-4499-807b-fa1d034954e7', 2, '1913111038', '$2y$10$BleMM9Bo0Vaniyi4CPCwi.Tzr9nfwHyVumRn0KrNxd5JCBvOEQU5m', NULL, 'AP', NULL, 'dewip2174@gmail.com', '2020-09-21 12:32:31', 1, 'f21522fd-9727-4e9b-97e6-cbb96d303399'),
('deb58d25-3ce6-41ec-adce-5dc909d79b14', 2, '1713111058', '$2y$10$cq2gt1qTzzoykWGVKLGWkOpesB4EmDXN9RW3aIXU0YpdYak.7C4rK', NULL, 'AP', NULL, 'fanikurnia16@gmail.com', '2020-09-20 22:26:03', 1, 'f21522fd-9727-4e9b-97e6-cbb96d303399'),
('def3832f-00c5-4f2e-8a75-e91282dab512', 2, '1913221052', '$2y$10$5gOvhTyRHKiPhbqpVpF8W.VtC36XbcbiveGoWV/5fJHftDEbhORY.', NULL, 'ILKOM', NULL, 'aqillaselvanav@gmail.com', '2020-09-21 17:50:16', 0, NULL),
('df023b23-7ccd-445a-8202-9a24dc2cdc08', 2, '2013211094', '$2y$10$19Atk3tQtq9lDcokY.B8o.5CNiQoa5P9UcpAMjOmR9O8hNVLPSZNO', NULL, 'ILKOM', NULL, 'ahmaddimas103@gmail.com', '2020-09-24 01:44:25', 1, 'f21522fd-9727-4e9b-97e6-cbb96d303399'),
('df41f1c4-a5e9-4a90-8cd8-e4a5f7d32961', 2, '2013111012', '$2y$10$tbDbHIHjcMVx1KGNiqJ2Hep42c3FME7Shr5leXAe9f45xBcfyW/um', NULL, 'AP', NULL, 'ahmadikrom145@gmail.com', '2020-09-21 22:54:47', 1, 'e01e1aa4-f6fc-4759-8d2b-103d2e3d7535'),
('e008bb96-6dd2-40dc-b80f-2ea0e7f967cf', 2, '1913211051', '$2y$10$4hoXTOI08H5sv82stqLOhecPUXTsNg/dQzLe2Bgix/OcWAcSXrG3W', NULL, 'ILKOM', NULL, 'ferrydwipramudya123@gmail.co', '2020-09-21 00:26:58', 0, NULL),
('e111149c-5f5c-4150-bb27-c7f719b2456c', 2, '1813211008', '$2y$10$iojRostdJ/ZJ8.xNDTQ5keU6JVPdH7TRdWJ8aU8DWhx9Hi98ZnKIW', NULL, 'ILKOM', NULL, 'achristi008@gmail.com', '2020-09-23 03:44:56', 0, NULL),
('e134a58e-3414-4c41-b730-90aea149950b', 2, '2013221012', '$2y$10$4NURA2QzRhKK335Wx3vpZe5a4UU8e1s2sAw1e80Ugqc6maZHt1gsi', NULL, 'ILKOM', NULL, 'yohanavsp@gmail.com', '2020-09-23 22:47:58', 1, 'e01e1aa4-f6fc-4759-8d2b-103d2e3d7535'),
('e1c0c226-2dcc-44a9-9e2f-ae1ab152a945', 2, '2013211007', '$2y$10$I7Gs58q1hLrGbs5DhiTMiesl3/t8drCo1Owbre7MpHV8h.4ENLKPi', NULL, 'ILKOM', NULL, 'azafadillah123@gmail.com', '2020-09-22 00:13:59', 1, 'f21522fd-9727-4e9b-97e6-cbb96d303399'),
('e1c1c5bd-643f-4d19-a128-ae28089fda23', 2, '1713121053', '$2y$10$7up7VBWjRqVS734/L4bjsO.V068ovS1O4wYFqkvi7ywcqJzC45h4q', NULL, 'AP', NULL, 'puput910@gmail.com', '2020-09-19 00:45:42', 1, 'fc6fd6bf-1389-44cc-96d2-90c4e181bd7a'),
('e248da41-ce83-445e-b85b-aa1d3c45d700', 2, '1713211027', '$2y$10$6T6k4zbhVpnbgASWLEwGi.ZIZra1V/CN/Ct6p0fZzvRvoy4q6pvZC', NULL, 'ILKOM', NULL, 'charinanovita84@gmail.com', '2020-09-19 00:28:54', 0, NULL),
('e33a8469-b6da-4aa3-a058-0d72a276f063', 2, '2013221005', '$2y$10$J06.UhP7B5QVfPetDYlqc.GWzEotfbY4wvkc5Sqe/iQQy2Izi.eEi', NULL, 'ILKOM', NULL, 'bintarputera@gmail.com', '2020-09-24 00:09:36', 0, NULL),
('e3c00851-f715-4ddc-b013-f953acffe829', 2, '1913111022', '$2y$10$UxJIq5YP4C669/QsyetkButX6bFBlBfwD3AHxhMcGhG6lNmdsbDxO', NULL, 'AP', NULL, 'hasanmaul305@gmail.com', '2020-09-20 23:30:27', 0, NULL),
('e3e03abf-71fc-4636-b738-30e4a6bbbc75', 2, '2013211020', '$2y$10$Vf/ipx5Og8uJL5qoIQIafejP0YfkGvbsdJSJMPaP7/InLbez9g1Rm', NULL, 'ILKOM', NULL, 'siscakurnias04@gmail.com', '2020-09-23 22:02:28', 1, 'f21522fd-9727-4e9b-97e6-cbb96d303399'),
('e423bf16-a4d4-440e-b8c5-eafd9261a36c', 2, '1713111003', '$2y$10$vQVZTRshoIWO3boGwxuB3u8JuzpyellfYttB0Pk0mD3RgvnLoR2ym', NULL, 'AP', NULL, 'firanadia12@gmail.com', '2020-09-19 00:54:28', 0, NULL),
('e4496664-6f56-4736-a036-7b434dd4ffde', 2, '1913111019', '$2y$10$K69srBE2DNFAPDubmXKmHuPmLKVZwcLm/4s6Js4TY83S3RhZw32W6', NULL, 'AP', NULL, 'novi.nbx00@gmail.com', '2020-09-20 23:48:21', 1, 'fc6fd6bf-1389-44cc-96d2-90c4e181bd7a'),
('e449c5cc-fdb0-4495-8b5a-24a79ea0c382', 2, '2013111004', '$2y$10$ZDnEbf6cc3iqc3AnCUd9cua9wBI3dsuhBdTwkkiAh9orjQjcdc25i', NULL, 'AP', NULL, 'miareza21@gmail.com', '2020-09-21 21:50:46', 1, 'f21522fd-9727-4e9b-97e6-cbb96d303399'),
('e567f062-a88a-4efb-a052-01da7543dd82', 2, '1813211049', '$2y$10$F3caBb9QMB1crpWPATnaPuwIhm.5xOkot3/GkdQO6bvoGEjXO4pdO', NULL, 'ILKOM', NULL, 'shahnazazrh@gmail.com', '2020-09-23 21:08:08', 1, 'e01e1aa4-f6fc-4759-8d2b-103d2e3d7535'),
('e5922f0d-1ed0-4be4-b8cf-d2b13f36ffe4', 2, '1913121033', '$2y$10$l5Q8hh.OG/HwaRL2SgCBbOW69AEAWKQqT3jnPUjb4RfARKkkxcyJC', NULL, 'AP', NULL, 'Bawellthok2@gmail.com', '2020-09-21 13:13:22', 1, 'e01e1aa4-f6fc-4759-8d2b-103d2e3d7535'),
('e61cd3b2-cdea-48f2-bf84-e687b43f4a01', 2, '1713211010', '$2y$10$4KiIVHROPLNdyXnToOMFX.XS0s5dKANjl.FPea.bt0eToUbJScV72', NULL, 'ILKOM', NULL, 'vivinadyakusnadi@gmail.com', '2020-09-19 00:27:11', 0, NULL),
('e74d9dbb-a046-4b90-8ed9-8c7d5f3d5abd', 2, '1813111037', '$2y$10$pvtmqQqu.DCC4MqpaG/xPeXsKXUlgSHfyOntMW31ne7PH.dJM86ve', NULL, 'AP', NULL, 'faridwahyudi009@gmail.com', '2020-09-21 00:29:13', 1, 'e01e1aa4-f6fc-4759-8d2b-103d2e3d7535'),
('e8750385-844d-40c3-af3c-efda43dc58f1', 2, '2013211021', '$2y$10$gb2XxnGpydv3kIFah9NAveg4DpIkoITIqn5fqEL6QpllwQAb3w24u', NULL, 'ILKOM', NULL, 'rennetaputri29@gmail.com', '2020-09-21 23:56:13', 1, 'e01e1aa4-f6fc-4759-8d2b-103d2e3d7535'),
('e8cbcbc0-17a8-434c-8bbf-2069e5e4c798', 2, '1713111056', '$2y$10$U0wZyddrtxRE7oUSY/ouIuPCFPXuT/u4DWqkCRne5FHFKIcFy5Uiy', NULL, 'AP', NULL, 'Belaesferansa20@gmail.com', '2020-09-20 15:12:03', 1, 'fc6fd6bf-1389-44cc-96d2-90c4e181bd7a'),
('e8e446a4-9b40-4557-bf6e-89f6f2c2890e', 2, '2013211063', '$2y$10$llLnNGLkxJTTFvT9Yv9sIOAhkyvHE7vnSg3M0Q0./LTDFlYSMs70i', NULL, 'ILKOM', NULL, 'angellian.lovelin17@gmail.com', '2020-09-24 01:39:43', 0, NULL),
('e97bbb5a-87d6-4000-a893-ae81cfe3caf5', 2, '1913211017', '$2y$10$CQU3vZwI7XZzIT0XwVQDMOTBzbaxeJJlc7jYarStYDGM3d1mN0cDm', NULL, 'ILKOM', NULL, 'dellacahyoningtyas@gmail.com', '2020-09-21 01:11:44', 1, 'e01e1aa4-f6fc-4759-8d2b-103d2e3d7535'),
('e98a3692-c911-46d0-802a-529923c9f099', 2, '1713211105', '$2y$10$Wanh56xmV2gz/YHX03Zui./1dHyqv.10IsG9V8MUuwdFkZyyHgrLu', NULL, 'ILKOM', NULL, 'rezkyextreme01@gmail.com', '2020-09-19 00:05:11', 0, NULL),
('e9b386ce-a05c-4bae-8e16-78c84ddb3b54', 2, '1713121017', '$2y$10$epw/L8uDWJDY4.VTc5REie/v3L7pYtbhzDFykyCSAyTbXVXlLqWke', NULL, 'AP', NULL, 'kambspubi@gmail.com', '2020-09-19 12:17:32', 0, NULL),
('ea6cba8d-0b81-432a-884f-ed3d7acda1de', 2, '1813111061', '$2y$10$WPGrg1cSBVH6xfboIX4xauOk3Z9KdLZDSqjmvr.RrFXuefn9iBtPS', NULL, 'AP', NULL, 'ayutriwulandari973@gmail.com', '2020-09-21 17:49:19', 0, NULL),
('eaa58fe7-0665-48f2-805c-8d3c9f105a72', 2, '1713111099', '$2y$10$SV4E6a20b.tK9PA7k9XHuuqoJu5qS3sdvDoH6.6adp1TojB28FPFm', NULL, 'AP', NULL, 'Callistanatasya59@gmail.com', '2020-09-20 22:12:51', 0, NULL),
('eacf62fb-3dde-47a1-9aed-039b30cdb107', 2, '1713111037', '$2y$10$lC9cz/3KaZog31Z3yYiHA.eNLSoYcm2BjS8jb55bKMG8KMTm1eWUy', NULL, 'AP', NULL, 'rukhiirmawa31@gmail.com', '2020-09-19 00:47:22', 1, 'f21522fd-9727-4e9b-97e6-cbb96d303399'),
('eae02da8-86a2-4de5-942a-6c1285043f4b', 2, '1713111078', '$2y$10$udSgTPDvjX09uWABiWfcSejKf8V3Ddo8ShTCK2wDW62Fv36sX6H/2', NULL, 'AP', NULL, 'danidaksina55@gmail.com', '2020-09-20 22:18:26', 0, NULL),
('eb50ee09-1b4c-42a1-a993-b263c434598a', 2, '1913211050', '$2y$10$2iZKpsvxU2Zw.G17pZD5UeFb9vpDWS33djP8Ux3tY00UYraaJ8HoG', NULL, 'ILKOM', NULL, 'fikriagam21@gmail.com', '2020-09-18 18:18:26', 0, NULL),
('eb589e43-aa58-47ea-ae17-076f1b794250', 2, '1813111009', '$2y$10$zvNYL1O/BoF7En/S7KnmLunKlGMloiqokEkvjjUW3PnvsCtuWUlJu', NULL, 'AP', NULL, 'kumalatri002@gmail.com', '2020-09-23 20:28:52', 0, NULL),
('ebdf0005-8c60-41e1-8adb-f5aa939b88e3', 2, '1813221051', '$2y$10$ER9jgyw5DVliZ6UivpNd..gdolFQ9uOgSa3UcttOMlikDc3uBA9v2', NULL, 'ILKOM', NULL, 'danisetya25121997@gmail.com', '2020-09-23 20:17:28', 0, NULL),
('ec4e9d4b-514f-4be5-ae5a-1f03e3081e84', 2, '2013211093', '$2y$10$90c2A3TB1n3cn4oTfw/kT.TQdxvtH2SjlElKkbnYy1LQKIeSLAfUi', NULL, 'ILKOM', NULL, 'akbarrian260@gmail.com', '2020-09-24 01:43:23', 0, NULL),
('ec631e1a-790e-4ec7-9377-39444766d2bf', 2, '1713211050', '$2y$10$OLufaBeZax3nNqFZt5ZsWuDY4vy7G6PWRCWk1deopENjyB7MfgwZW', NULL, 'Ilkom', NULL, 'deviaharnindap@gmail.com', '2020-09-18 22:49:58', 1, 'e01e1aa4-f6fc-4759-8d2b-103d2e3d7535'),
('ec789b21-0d47-40d3-8438-4e776f55cb04', 2, '2013211072', '$2y$10$e5Aq2OsH0Zl9qOeGgV4oPe3W6bVW8.EPcYxL61IXFCOMRZaHUV56.', NULL, 'ILKOM', NULL, 'typhonbadai@gmail.com', '2020-09-24 01:37:35', 1, 'fc6fd6bf-1389-44cc-96d2-90c4e181bd7a'),
('ed1c2aa1-f735-4c31-958f-835c4d6ba41f', 2, '1813121024', '$2y$10$ntHkwHsJ0UvN4n5yOqxRYeJq/ctzf4Yrn.8Vamya1Z.PtiIT3jhIC', NULL, 'AP', NULL, 'leonardopierispieris@gmail.com', '2020-09-23 21:05:50', 1, 'e01e1aa4-f6fc-4759-8d2b-103d2e3d7535'),
('ed3e2e6d-9e4e-402b-bce1-8630719b20a4', 2, '1813121007', '$2y$10$RpTmzcJ4RhSx3.pX3E5jgegsd788L26LrpnoVOj/wAcLpzY5CAnZm', NULL, 'AP', NULL, 'erahmania02@gmail.com', '2020-09-23 20:59:10', 0, NULL),
('edac0d7e-8034-44cc-8bd1-eb586defc426', 2, '2013211046', '$2y$10$zruiQZUUvNO0xWWR1PE9WeN1Lpl0MH9RWM1reL0WRSwdW53RYrB/K', NULL, 'ILKOM', NULL, 'havizmaulvi410@gmail.com', '2020-09-23 21:54:59', 1, 'fc6fd6bf-1389-44cc-96d2-90c4e181bd7a'),
('edb79906-77d3-4f16-9ed4-c5895d2b179f', 2, '1913221026', '$2y$10$Na/6ldmTUk9tNxp2Scp0NuucA6yFAf3hEZI9f1r3TeND2nobzZweC', NULL, 'ILKOM', NULL, 'rizawiji98@gmail.com', '2020-09-18 18:05:12', 0, NULL),
('edfe4994-a14f-4f32-bef2-3659c76387cd', 2, '1813221047', '$2y$10$//eh3ml7RgRaErk55gKR9./EzijHMlkuSK7TNo4Hfkw6nin2OLE9q', NULL, 'ILKOM', NULL, 'karinaoktaviani99@gmail.com', '2020-09-21 18:06:01', 0, NULL),
('ef6f5659-6e36-4035-8d18-29686bbffc87', 2, '2013211060', '$2y$10$NgJAvhwqbA6STESWkllUvu6sd7Pfh3HBk6FOVPoHScmbJqPqvZyS6', NULL, 'ILKOM', NULL, 'dhenachannel@gmail.com', '2020-09-24 01:17:09', 0, NULL),
('ef747e36-e4ae-4685-a79a-9bec67af4894', 2, '1713221031', '$2y$10$SaJ.FGaVIMatTW6lJ/bSs.kB6/UxX6iZ9l7s6zLeoxyJw7tyPMr/e', NULL, 'ILKOM', NULL, 'jenieka11@gmail.com', '2020-09-21 00:20:42', 0, NULL),
('ef82ca62-c148-4799-aad3-b4d2e1e81428', 2, '1813211004', '$2y$10$GCIwymovljkUBUzcd4I3mu348yFZRItklhjdkUpaQgV.RO.9Dv7T6', NULL, 'AP', NULL, 'mariskadila4@gmail.com', '2020-09-23 21:09:15', 1, 'f21522fd-9727-4e9b-97e6-cbb96d303399'),
('efa5ec7a-d6bf-42c4-b6fe-2217a7912155', 2, '1713211020', '$2y$10$/uoC/m5u2Fe2jZuqPuAR1.eYf7OIWVTjlA/LIphBmhRmZqwGr8j1C', NULL, 'ILKOM', NULL, 'andi.lemod007@gmail.com', '2020-09-19 00:14:55', 0, NULL),
('f00688aa-351d-4039-9ab9-45841cab68dc', 2, '2013221027', '$2y$10$P38Hgeoq91sJq4fELDiWUO.k/HWkxdhDhFM378cgaCaN6GXBzLLOq', NULL, 'ILKOM', NULL, 'fifa.ligina26@gmail.com', '2020-09-23 22:45:42', 0, NULL),
('f0169783-fc88-4ed7-8190-28a3b3534581', 2, '1813111025', '$2y$10$DQzlbwrwNRq8VPkLRQWiJ.s26fu6FFoXo4mNrbUCIMRfmoZ8lnlGK', NULL, 'AP', NULL, 'romadeni07@gmail.com', '2020-09-23 20:36:01', 0, NULL),
('f024b9bb-0a92-4ee6-9f5d-e3e979a150ae', 2, '2013121011', '$2y$10$KGSVLXqhgh50L0IMDtiWfeiNzCXvdUGEcWSz5YPqG05YM4uFMt2fy', NULL, 'AP', NULL, 'vicyyuliasari28@gmail.com', '2020-09-21 23:23:38', 1, 'e01e1aa4-f6fc-4759-8d2b-103d2e3d7535'),
('f094768f-6e7b-4596-a3fd-5462d4d30d9f', 2, '1713111094', '$2y$10$dhfb.JJ8OANJSLa75bnXWeZpUV0yLArSNtNVTYAKzLVxPTJFImn3S', NULL, 'AP', NULL, 'nopitaardhia@gmail.com', '2020-09-19 00:52:07', 0, NULL),
('f0a8bd88-2c2c-423f-b57c-fdf082f2bd7d', 2, '1713111086', '$2y$10$1NrkgmIwlTg4dG7UD4UDtutTalCcEi8QOiCMrJnYwCgM4leZ1xu.m', NULL, 'AP', NULL, 'melliyaftr18@gmail.com', '2020-09-20 15:17:18', 0, NULL),
('f0c40b49-c3c6-4e0e-a389-abe2bfb87c07', 2, '1713111016', '$2y$10$GP4mxmdVXV6ibyNI8.8qHu21ZwTkNwcxd1niHDFtfi0P3pPyDzajO', NULL, 'AP', NULL, 'wkwklandhahaha69@gmail.com', '2020-09-19 00:50:18', 0, NULL),
('f0d86b22-0aa8-41c0-bdb3-6ea620322aa9', 2, '1813211038', '$2y$10$AOj97Ip7VRaCvOrtW7ZQZeBXb.2mq12Fd69Sp5JeTQpu4JQP6u/pC', NULL, 'ILKOM', NULL, 'agnesty64@gmail.com', '2020-09-18 17:26:51', 1, 'e01e1aa4-f6fc-4759-8d2b-103d2e3d7535'),
('f10abb7e-b9df-4e8a-95b8-d5112afefce4', 2, '1813211011', '$2y$10$g6pNTtpsHXNcFb25QsCVSuxX/J.t08/8BUP/lAk6i4up/0e4KDRBS', NULL, 'ILKOM', NULL, 'muhammadashido98@gmail.com', '2020-09-23 21:17:55', 1, 'e01e1aa4-f6fc-4759-8d2b-103d2e3d7535'),
('f10abe69-0a32-4c62-907f-29fd630ce5ca', 2, '2013211061', '$2y$10$t3hO2W5ESWZAjOWaJR1Hg./A.hlGDi.RMVwCkPCUpurNkpOlZi/bW', NULL, 'ILKOM', NULL, 'kenanganok2@gmail.com', '2020-09-24 01:13:23', 0, NULL),
('f2295511-ee76-4e5b-b1cc-9b060218e05a', 2, '2013111014', '$2y$10$n4otK4WsNZ9cjeTgqe8ipOSdH.IaxQ16xotOgrGWkZjNkTNup6SrW', NULL, 'AP', NULL, 'rifdahdwiismahr@gmail.com', '2020-09-21 21:51:35', 1, 'fc6fd6bf-1389-44cc-96d2-90c4e181bd7a'),
('f2a7da86-fa0a-49aa-a429-f25036bd4da2', 2, '2013111002', '$2y$10$sgSz6hWd8biw.Ih3iVM1quk8crsldxEvZUAFNogPfs/c6Mhf6gG.m', NULL, 'AP', NULL, 'wahyuekha0311@gmail.com', '2020-09-21 23:10:41', 0, NULL),
('f2ce51c8-7503-4e9a-bbc5-57298bb95d27', 2, '1813121028', '$2y$10$PMwMVm0AzeGcldvoWVV1H.6.lNMoUF9pUhoaqpFEaTnKK7tR8zCcG', NULL, 'AP', NULL, 'fitriya0002@gmail.com', '2020-09-23 20:42:32', 0, NULL),
('f30c989f-2f6c-4a20-bb19-26e8d2a14b89', 2, '1913111063', '$2y$10$puE.5RM4eBhDbAs13/lNcelV6YYvGbYNhRoZD2xHUPEGT2UOWD9ii', NULL, 'AP', NULL, 'marchelinojoshuaalverdo19@gmail.com', '2020-09-21 12:29:48', 1, 'f21522fd-9727-4e9b-97e6-cbb96d303399'),
('f3e20df8-5da7-438f-879d-126cd76d8843', 2, '2013211009', '$2y$10$NRQhQv10z4rSdT0xrqNESeVQ/nR73.3PHkrG9Jp4LsbK4zkGp1Y0m', NULL, 'ILKOM', NULL, 'S4putr4001@gmail.com', '2020-09-22 00:14:36', 1, 'fc6fd6bf-1389-44cc-96d2-90c4e181bd7a'),
('f3e27f43-23e6-47af-8967-45109ccbca72', 2, '2013212002', '$2y$10$VdHGV8H/PuacNqbtoxoLYuOZ9bCOB6hny/LsJjD1IcAMOMs09ubvW', NULL, 'ILKOM', NULL, 'saifullahpra27@gmail.com', '2020-09-24 01:43:51', 1, 'fc6fd6bf-1389-44cc-96d2-90c4e181bd7a'),
('f416e892-88e3-4919-afa4-48628d256c81', 2, '2013111015', '$2y$10$tPWSgQcnzk4bX68ulKUIfuBxr22.rMEo2idNC/57uevF3P.mIlEJa', NULL, 'AP', NULL, 'lailydwiagtn@gmail.com', '2020-09-21 21:54:12', 1, 'e01e1aa4-f6fc-4759-8d2b-103d2e3d7535'),
('f42e8798-5a4b-4b01-a186-637be7b017c0', 2, '2013211091', '$2y$10$AIXQlKrfY7enibjWCG3hJ.JbE4tcHcQdjA0yMGm9esoz1RF9/qeV6', NULL, 'ILKOM', NULL, 'salsabilafirdaus2709@gmail.com', '2020-09-24 01:29:06', 0, NULL),
('f442a3da-8851-4bb4-9de8-e17e05207ae8', 2, '1713111053', '$2y$10$NRuSGC3UFT82vD9LzielYe5O37/pNqkT7IXykbDyiUbcmd5hsmmbG', NULL, 'AP', NULL, 'intaniaduitap@gmail.com', '2020-09-20 22:05:52', 1, 'fc6fd6bf-1389-44cc-96d2-90c4e181bd7a'),
('f507799f-54dd-44ff-94ae-13cc479830c9', 2, '2013221025', '$2y$10$fBtPG6FlN/fJZxsM2r6Qr.mIBu2x.iaLBMsUaiaaa8CVPPlhjZZdO', NULL, 'ILKOM', NULL, 'fauzanali201@gmail.com', '2020-09-23 22:32:32', 0, NULL),
('f547aff8-e3d2-4430-be9d-f1a1ef785f73', 2, '1913211003', '$2y$10$aqtn0UHuXaT0VmzrRie9aO..ZvtJWRcuSNtvw.Mu1geDSx7u1tSl6', NULL, 'ILKOM', NULL, 'yuyunms52@gmail.com', '2020-09-21 01:17:14', 0, NULL),
('f5733616-55e3-4bb2-97ae-59fc6ca7e36a', 2, '1713211023', '$2y$10$OWFZ6KQtQegIQcsfLaGV2u3sVq2rtFqEB5sinrulnFLHIDANuFrdK', NULL, 'ILKOM', NULL, 'aldy.fernanda@gmail.com', '2020-09-19 00:26:08', 0, NULL),
('f583385c-e3f1-40c1-9c77-0025b533b254', 2, '1713111055', '$2y$10$.32X8TLfoGOxfqqVSP7djuihyxMzu6GUc2m0vr3IMqr/7Xu9z8XBe', NULL, 'AP', NULL, 'ftaram54@gmail.com', '2020-09-20 15:21:54', 1, 'fc6fd6bf-1389-44cc-96d2-90c4e181bd7a'),
('f5992e11-445c-490c-b616-d383705c6989', 2, '1913211047', '$2y$10$fy4O0p1jHoQCzIUweMyGTOMTuo74/xZr3R2QsWPkvz/O36JE3XpLi', NULL, 'ILKOM', NULL, 'Savitriisma15@gmail.com', '2020-09-21 01:16:39', 0, NULL),
('f5ab2d67-5553-4710-a0e7-4168e56c407f', 2, '1813111038', '$2y$10$C6G.a4UHtWWqFdxv954kMufyj2HIObse9MQ0BWQF3YNIy1NowOj8W', NULL, 'AP', NULL, 'rusdianaella224@gmail.com', '2020-09-21 17:39:39', 0, NULL),
('f6b9ca0c-b93e-45c1-99b2-3c8f6736e024', 1, '1813111052', '$2y$10$.pvHk.20hyB1R01mHes2hOlARyMxtTuX4QTGY0N2ghaEwAGqGlgBm', 'Dinda Febriani Harianti ', NULL, 'DPM', 'fdinda136@gmail.com', '2020-08-31 14:53:51', 1, 'f21522fd-9727-4e9b-97e6-cbb96d303399'),
('f6e41e61-cea2-43f6-aaea-c962b38fb178', 2, '1713121042', '$2y$10$ZX.BvVQpYL4ZERnGWytRPOjoRFDjshAeK2yMB78ciXIabOocJFUwy', NULL, 'AP', NULL, 'wantiieeiitaw@gmail.com', '2020-09-18 15:21:03', 0, NULL),
('f77c6370-a16e-429c-97ac-cac5123cb2e0', 2, '1713111032', '$2y$10$u2QUIAJkcX1VKAog2IPd.O93jCkrzpAC1q8s8VCTW/c9Q.dXWNTRy', NULL, 'AP', NULL, 'annisaoctaviana215@gmail.com', '2020-09-19 00:49:11', 0, NULL),
('f7bfca71-7013-4794-b31d-8637115b1783', 2, '1913211038', '$2y$10$LietxZFa2M337eYnAgPG9uO8E4sXV02.oCABBYU4zYdTT2aYU4WpW', NULL, 'ILKOM', NULL, 'oktaviaindahmawarni@gmail.com', '2020-09-21 01:20:27', 1, 'fc6fd6bf-1389-44cc-96d2-90c4e181bd7a'),
('f7f0d724-876a-4897-8e7e-ca673e6ed861', 2, '1813211001', '$2y$10$KLBYCcrXTFVtOmh3Co2WZOiU6x3Gm3SlM6ohYRogJQBAqWMZRf64y', NULL, 'ILKOM', NULL, 'rizkyferian4@gmail.com', '2020-09-23 21:13:11', 0, NULL),
('f82bd209-7ed6-46e7-8747-ae8905b9ebcd', 2, '2013121016', '$2y$10$Soq66JAE1/1VFZlW.g1CduMzJ9Nll1H2EvmMqZ/HjenNG.NHe7I56', NULL, 'AP', NULL, 'machbubahdhurrotul@gmail.com', '2020-09-21 23:16:44', 0, NULL),
('f84aa714-0cf0-4abc-a438-232c98e6b61b', 2, '1813121015', '$2y$10$CpksHX2sMmJovE77tYZ1UuMRiaIClIqoe74IpouvAlHA0ZOdGyYr.', NULL, 'AP', NULL, 'syahrulihza1@gmail.com', '2020-09-18 17:24:15', 1, 'e01e1aa4-f6fc-4759-8d2b-103d2e3d7535'),
('f8757332-aee5-4c1a-ac91-ef2690aa134d', 2, '1713221019', '$2y$10$Gf1rdquBpj28fAudg9Cj9.i8MaSBPwDp3rgsaAtyIUvtFl2A50m7e', NULL, 'AP', NULL, 'ayunadyasrosyidah@gmail.com', '2020-09-19 13:06:10', 0, NULL),
('f8ed477e-6247-40d2-bd6d-50d3a420d793', 2, '2013211062', '$2y$10$RukXcaeNJdyjbuTS4Fp42eSuTPg5MAVyJf/w80nhYerPNas2YL2Li', NULL, 'ILKOM', NULL, 'yulitaaindahh@gmail.com', '2020-09-24 01:23:51', 0, NULL),
('f8fe6b20-e3eb-4161-8e5f-085c957be15b', 2, '2013211092', '$2y$10$2er.FCrMAojVh6K99bCts.gsqvDCHpBKJCm0RLUTD0K38fWPn9bK2', NULL, 'ILKOM', NULL, 'rivandaputrifirdaussa@gmail.com', '2020-09-24 01:35:05', 0, NULL),
('f9163953-d289-48e9-a048-2652f9edbe6c', 2, '2013221020', '$2y$10$5wBWi5CjgeuO.7.SOHQzT.08yMwTTPLfwxWLa.kfpC1k2Dc9W5dB6', NULL, 'ILKOM', NULL, 'nananananazidan@gamil.com', '2020-09-24 00:56:53', 0, NULL),
('f9a630a7-169d-4813-8611-9da3773113bf', 2, '2013221008', '$2y$10$G1Z4TZ24VxXVs6ZQ2dgSV..GV33HRmss/3RgIJiKSPrpESZojXDZq', NULL, 'ILKOM', NULL, 'shintandr17@gmail.com', '2020-09-24 00:06:20', 1, 'e01e1aa4-f6fc-4759-8d2b-103d2e3d7535'),
('fae49224-ab27-406b-b2b4-97ed6c11d4cc', 2, '1913221018', '$2y$10$BxnU6bLkLk0LjUInyoWmte2YUO3XWmbS6WyEgGsPWpy6oXUugkI/i', NULL, 'ILKOM', NULL, 'bellakarima142@gmail.com', '2020-09-21 17:39:09', 0, NULL),
('fb18702c-0f77-45b2-884b-db0d74b4d1d5', 2, '1713211081', '$2y$10$Wi5fquDe4u5m64yx0bXBfeUvdE9k19O48y3n.oe9uHzYYjRVgvykC', NULL, 'ILKOM', NULL, 'muhammaddzulfiqar9@gmail.com', '2020-09-18 23:48:37', 0, NULL),
('fb33a288-a272-4994-b289-1ede074d718d', 2, '1813211086', '$2y$10$M2eGVegbNfmEZKW9VuA3KeNL8rpyX5c/czeplxqQghTgK.9soj0Ee', NULL, 'ILKOM', NULL, 'tachulzpdy@gmail.com', '2020-09-23 20:26:37', 1, 'fc6fd6bf-1389-44cc-96d2-90c4e181bd7a');
INSERT INTO `tbl_user` (`id_user`, `id_role`, `nim`, `password`, `nama`, `jurusan`, `jabatan`, `email`, `terdaftar`, `status_vote`, `paslon_dipilih`) VALUES
('fc0fa73c-0b81-4afc-9afc-f3725c443eca', 2, '1713211044', '$2y$10$c.XnLJRhthR9hghoKRKo5efBceEhe1PLXnwbHVYM75uI4Jt7tst/G', NULL, 'ILKOM', NULL, 'helmalianis11@gmail.com', '2020-09-19 00:31:11', 0, NULL),
('fc33f0e8-4add-40a2-913d-db8e4098d223', 2, '1613211039', '$2y$10$ahGnV7eaIR.C6ZmQyuAIguG65L0UKuzZmwLQ9a1lwj/5qitZ6/zCG', NULL, 'ILKOM', NULL, 'muhriskyhidayat26@gmail.com', '2020-09-21 00:24:26', 0, NULL),
('fc4f1146-5c52-427d-a857-7cb032c8c2a2', 2, '1913221022', '$2y$10$HZjjBFbGegKslAPtJCbUGuOUFHQQXFfbGiIDh7jmlXG6jVYXaFqEC', NULL, 'ILKOM', NULL, 'findahwati@gmail.com', '2020-09-21 17:28:27', 0, NULL),
('fc99a63d-98cb-4f76-ab28-057e55d66951', 2, '1913111018', '$2y$10$kz/t7d0I37omUCcAn3c7/O/A.kCG7H59DNbJdcr2YEGsZPOPnud4S', NULL, 'AP', NULL, 'rethaa94@gmail.com', '2020-09-20 22:33:51', 1, 'f21522fd-9727-4e9b-97e6-cbb96d303399'),
('fcb10675-a4ec-441b-bbd1-58cf387f0c0a', 2, '1913221028', '$2y$10$UNX6TQruLYwrHGA6zgoLWudaVJHcF6v3PTRuoKjEZoVg3UGXq45Ye', NULL, 'ILKOM', NULL, 'ekaantak25@gmail.com', '2020-09-21 17:46:58', 1, 'f21522fd-9727-4e9b-97e6-cbb96d303399'),
('fcf4ad6c-ff6d-41e6-ab2e-026d4250a4a7', 2, '1813221002', '$2y$10$NeXnTurVBmKd2voFnfauVufd8LOtpLR2jUcZ/W1TXOv1lf4tfgqoO', NULL, 'ILKOM', NULL, 'kelvincahyos@gmail.com', '2020-09-23 03:50:19', 0, NULL),
('fd10f7ca-ddb0-494b-9326-d66f75d40e48', 2, '2013211032', '$2y$10$CDIWL/UzhLWiEAwAnfbCheUDvqEquTHpMooEAitynWrtH81UVhHl6', NULL, 'ILKOM', NULL, 'nandaputrisia04@gmail.com', '2020-09-21 23:49:13', 1, 'f21522fd-9727-4e9b-97e6-cbb96d303399'),
('fd2a26cc-fe0f-48f8-a4b9-5473937e46bb', 2, '1913121040', '$2y$10$YUJsVGFOkXlaJTobfgSJgul80ozYDEDurVd.s24P4mbOfjs8ki0Ie', NULL, 'AP', NULL, 'salsabilayasmin3@gmail.com', '2020-09-21 12:45:38', 0, NULL),
('fd3eddbe-8d18-4763-8a5b-afbf6617a29b', 2, '1713211097', '$2y$10$W.e.6lpwggkTLQdd.t9TqeC74.cIyvAc4RtnlJZBiUYowK2MOmyPK', NULL, 'ILKOM', NULL, 'arwenbh@gmail.com', '2020-09-19 00:11:15', 0, NULL),
('fd685554-54d9-45e8-87c6-5e34cda04523', 2, '2013211026', '$2y$10$gD7Ite4VgXnXJPtMKlYe9.aYJdVeoAzdy8Pfp.8jwPuapePmyTqsm', NULL, 'ILKOM', NULL, 'dhiravanesca3@gmail.com', '2020-09-23 21:55:41', 1, 'f21522fd-9727-4e9b-97e6-cbb96d303399'),
('fd799680-fcda-45a7-868d-66df4b0a36bf', 2, '1713121038', '$2y$10$y8V0YYPQjzigidGkvCqhHuSKQTrhfb6.1a/LWk3lHpL.nKAghiHc6', NULL, 'AP', NULL, 'bagasa53@gmail.com', '2020-09-18 15:24:19', 0, NULL),
('fdcdb3bb-3af8-4324-a807-5fe1b2908c77', 2, '1813111008', '$2y$10$ijWyccs2nlAoACsrRiLAZ.W/gzKyl4rKg18Dx5xGTXODUj4.FYIfq', NULL, 'AP', NULL, 'adityanovan060@gmail.com', '2020-09-23 20:54:54', 0, NULL),
('fddf13bb-5cb1-47be-bd55-d47e74dd3965', 2, '1713211054', '$2y$10$Tj.RcemqLmzMJeNlYe8xm.q2HxLTXRlLpsnydZTp7H8vdIwsnFsO2', NULL, 'ILKOM', NULL, 'aanisyaaraacitaa99@gmail.com', '2020-09-18 23:18:46', 0, NULL),
('fe302836-6212-4bfc-9eae-dd3b93a93ec2', 2, '1713111028', '$2y$10$VkYnRlTdcWDEGo7B31yf..AdyJebVYaE9CAFhVQxPB.UvP.pDBgdS', NULL, 'AP', NULL, 'febrydwipermatasari@gmail.com', '2020-09-20 23:41:50', 1, 'e01e1aa4-f6fc-4759-8d2b-103d2e3d7535'),
('ff1a4700-d727-49f9-b916-cee4c1937d24', 2, '1813221011', '$2y$10$jpkzH5ZCyeecePNgQ9boL.6MMeNtHTdw2LSb/0kPAXQmE0UGNsT42', NULL, 'ILKOM', NULL, 'diandrasalshavia@gmail.com', '2020-09-21 17:59:38', 0, NULL),
('ff30fdf8-2ae5-4190-a83f-04589fefd20f', 2, '1913221049', '$2y$10$OeSzqXsvcgdliTbdvbcO1ukXDDFqC0MqYWny1xiY/2MY1qO3nZHLG', NULL, 'ILKOM', NULL, 'Hoirussoleh48@gmail.com', '2020-09-21 17:34:13', 0, NULL),
('ffbea6eb-624f-453d-9d34-4c89c8b27236', 2, '1713121045', '$2y$10$8xk4m.F5YyHbTZsM3dYeGeiRy0XYL4OqSmVqT8keaumLTcdZ0vXcm', NULL, 'AP', NULL, 'Amiliacp88@gmail.com', '2020-09-19 11:55:02', 0, NULL);

--
-- Indexes for dumped tables
--

--
-- Indexes for table `tbl_kandidat`
--
ALTER TABLE `tbl_kandidat`
  ADD PRIMARY KEY (`id_kandidat`);

--
-- Indexes for table `tbl_paslon`
--
ALTER TABLE `tbl_paslon`
  ADD PRIMARY KEY (`id_paslon`),
  ADD UNIQUE KEY `nomer_paslon` (`nomer_paslon`),
  ADD KEY `id_kandidat` (`id_kandidat`);

--
-- Indexes for table `tbl_role`
--
ALTER TABLE `tbl_role`
  ADD PRIMARY KEY (`id`);

--
-- Indexes for table `tbl_status_vote`
--
ALTER TABLE `tbl_status_vote`
  ADD PRIMARY KEY (`id`);

--
-- Indexes for table `tbl_user`
--
ALTER TABLE `tbl_user`
  ADD PRIMARY KEY (`id_user`),
  ADD UNIQUE KEY `nim` (`nim`),
  ADD KEY `status_vote` (`status_vote`),
  ADD KEY `id_role` (`id_role`),
  ADD KEY `kandidat_dipilih` (`paslon_dipilih`);

--
-- Constraints for dumped tables
--

--
-- Constraints for table `tbl_paslon`
--
ALTER TABLE `tbl_paslon`
  ADD CONSTRAINT `asdasds` FOREIGN KEY (`id_kandidat`) REFERENCES `tbl_kandidat` (`id_kandidat`) ON DELETE NO ACTION ON UPDATE NO ACTION;

--
-- Constraints for table `tbl_user`
--
ALTER TABLE `tbl_user`
  ADD CONSTRAINT `tbl_user_ibfk_1` FOREIGN KEY (`id_role`) REFERENCES `tbl_role` (`id`) ON DELETE NO ACTION ON UPDATE NO ACTION,
  ADD CONSTRAINT `tbl_user_ibfk_2` FOREIGN KEY (`status_vote`) REFERENCES `tbl_status_vote` (`id`) ON DELETE NO ACTION ON UPDATE NO ACTION,
  ADD CONSTRAINT `tbl_user_ibfk_3` FOREIGN KEY (`paslon_dipilih`) REFERENCES `tbl_paslon` (`id_paslon`) ON DELETE NO ACTION ON UPDATE NO ACTION;
COMMIT;

/*!40101 SET CHARACTER_SET_CLIENT=@OLD_CHARACTER_SET_CLIENT */;
/*!40101 SET CHARACTER_SET_RESULTS=@OLD_CHARACTER_SET_RESULTS */;
/*!40101 SET COLLATION_CONNECTION=@OLD_COLLATION_CONNECTION */;
